,instance_id,original_length,terminated_at_step,solved,tried,percentage
0,5000,23,15,0,1,0.0
1,5001,23,15,0,1,0.0
2,5002,23,18,0,1,0.0
3,5003,23,14,0,1,0.0
4,5004,23,11,0,1,0.0
5,5005,23,15,0,1,0.0
6,5006,23,23,1,1,0.0013245033112582781
7,5007,23,17,0,1,0.0
8,5008,23,17,0,1,0.0
9,5009,23,18,0,1,0.0
10,5010,23,15,0,1,0.0
11,5011,23,23,1,1,0.0013245033112582781
12,5012,23,15,0,1,0.0
13,5013,23,23,1,1,0.0013245033112582781
14,5014,23,19,0,1,0.0
15,5015,23,23,1,1,0.0013245033112582781
16,5016,23,23,1,1,0.0013245033112582781
17,5017,23,13,0,1,0.0
18,5018,23,21,0,1,0.0
19,5019,23,23,1,1,0.0013245033112582781
20,5020,23,20,0,1,0.0
21,5021,23,23,1,1,0.0013245033112582781
22,5022,23,12,0,1,0.0
23,5023,23,23,1,1,0.0013245033112582781
24,5024,23,23,1,1,0.0013245033112582781
25,5025,23,12,0,1,0.0
26,5026,23,23,1,1,0.0013245033112582781
27,5027,23,23,1,1,0.0013245033112582781
28,5028,23,18,0,1,0.0
29,5029,23,22,0,1,0.0
30,5030,23,23,1,1,0.0013245033112582781
31,5031,23,23,1,1,0.0013245033112582781
32,5032,23,20,0,1,0.0
33,5033,23,23,1,1,0.0013245033112582781
34,5034,23,22,0,1,0.0
35,5035,23,23,1,1,0.0013245033112582781
36,5036,23,18,0,1,0.0
37,5037,23,19,0,1,0.0
38,5038,23,15,0,1,0.0
39,5039,23,17,0,1,0.0
40,5040,23,12,0,1,0.0
41,5041,23,12,0,1,0.0
42,5042,23,23,1,1,0.0013245033112582781
43,5043,23,20,0,1,0.0
44,5044,23,18,0,1,0.0
45,5045,23,16,0,1,0.0
46,5046,23,23,1,1,0.0013245033112582781
47,5047,23,23,1,1,0.0013245033112582781
48,5048,23,23,1,1,0.0013245033112582781
49,5049,23,21,0,1,0.0
50,5050,23,15,0,1,0.0
51,5051,23,23,1,1,0.0013245033112582781
52,5052,23,14,0,1,0.0
53,5053,23,17,0,1,0.0
54,5054,23,23,1,1,0.0013245033112582781
55,5055,23,15,0,1,0.0
56,5056,23,19,0,1,0.0
57,5057,23,23,1,1,0.0013245033112582781
58,5058,23,23,1,1,0.0013245033112582781
59,5059,23,16,0,1,0.0
60,5060,23,23,1,1,0.0013245033112582781
61,5061,23,23,1,1,0.0013245033112582781
62,5062,23,22,0,1,0.0
63,5063,23,23,1,1,0.0013245033112582781
64,5064,23,20,0,1,0.0
65,5065,23,23,1,1,0.0013245033112582781
66,5066,23,16,0,1,0.0
67,5067,23,23,1,1,0.0013245033112582781
68,5068,23,18,0,1,0.0
69,5069,23,23,1,1,0.0013245033112582781
70,5070,23,23,1,1,0.0013245033112582781
71,5071,23,19,0,1,0.0
72,5072,23,20,0,1,0.0
73,5073,23,17,0,1,0.0
74,5074,23,23,1,1,0.0013245033112582781
75,5075,23,21,0,1,0.0
76,5076,23,20,0,1,0.0
77,5077,23,23,1,1,0.0013245033112582781
78,5078,23,23,1,1,0.0013245033112582781
79,5079,23,17,0,1,0.0
80,5080,23,23,1,1,0.0013245033112582781
81,5081,23,23,1,1,0.0013245033112582781
82,5082,23,16,0,1,0.0
83,5083,23,23,1,1,0.0013245033112582781
84,5084,23,16,0,1,0.0
85,5085,23,15,0,1,0.0
86,5086,23,15,0,1,0.0
87,5087,23,15,0,1,0.0
88,5088,23,23,1,1,0.0013245033112582781
89,5089,23,17,0,1,0.0
90,5090,23,16,0,1,0.0
91,5091,23,15,0,1,0.0
92,5092,23,18,0,1,0.0
93,5093,23,23,1,1,0.0013245033112582781
94,5094,23,23,1,1,0.0013245033112582781
95,5095,23,23,1,1,0.0013245033112582781
96,5096,23,20,0,1,0.0
97,5097,23,23,1,1,0.0013245033112582781
98,5098,23,19,0,1,0.0
99,5099,23,16,0,1,0.0
100,5100,23,23,1,1,0.0013245033112582781
101,5101,23,22,0,1,0.0
102,5102,23,23,1,1,0.0013245033112582781
103,5103,23,13,0,1,0.0
104,5104,23,23,1,1,0.0013245033112582781
105,5105,23,16,0,1,0.0
106,5106,23,16,0,1,0.0
107,5107,23,23,1,1,0.0013245033112582781
108,5108,23,21,0,1,0.0
109,5109,23,18,0,1,0.0
110,5110,23,23,1,1,0.0013245033112582781
111,5111,23,23,1,1,0.0013245033112582781
112,5112,23,23,1,1,0.0013245033112582781
113,5113,23,19,0,1,0.0
114,5114,23,20,0,1,0.0
115,5115,23,23,1,1,0.0013245033112582781
116,5116,23,23,1,1,0.0013245033112582781
117,5117,23,23,1,1,0.0013245033112582781
118,5118,23,21,0,1,0.0
119,5119,23,12,0,1,0.0
120,5120,23,22,0,1,0.0
121,5121,23,23,1,1,0.0013245033112582781
122,5122,23,23,1,1,0.0013245033112582781
123,5123,23,22,0,1,0.0
124,5124,23,23,1,1,0.0013245033112582781
125,5125,23,23,1,1,0.0013245033112582781
126,5126,23,9,0,1,0.0
127,5127,23,22,0,1,0.0
128,5128,23,23,1,1,0.0013245033112582781
129,5129,23,20,0,1,0.0
130,5130,23,21,0,1,0.0
131,5131,23,23,1,1,0.0013245033112582781
132,5132,23,16,0,1,0.0
133,5133,23,23,1,1,0.0013245033112582781
134,5134,23,13,0,1,0.0
135,5135,23,15,0,1,0.0
136,5136,23,20,0,1,0.0
137,5137,23,13,0,1,0.0
138,5138,23,16,0,1,0.0
139,5139,23,17,0,1,0.0
140,5140,23,20,0,1,0.0
141,5141,23,12,0,1,0.0
142,5142,23,21,0,1,0.0
143,5143,23,12,0,1,0.0
144,5144,23,14,0,1,0.0
145,5145,23,17,0,1,0.0
146,5146,23,12,0,1,0.0
147,5147,23,23,1,1,0.0013245033112582781
148,5148,23,23,1,1,0.0013245033112582781
149,5149,23,23,1,1,0.0013245033112582781
150,5150,23,15,0,1,0.0
151,5151,23,14,0,1,0.0
152,5152,23,23,1,1,0.0013245033112582781
153,5153,23,18,0,1,0.0
154,5154,23,23,1,1,0.0013245033112582781
155,5155,23,23,1,1,0.0013245033112582781
156,5156,23,23,1,1,0.0013245033112582781
157,5157,23,23,1,1,0.0013245033112582781
158,5158,23,11,0,1,0.0
159,5159,23,23,1,1,0.0013245033112582781
160,5160,23,20,0,1,0.0
161,5161,23,23,1,1,0.0013245033112582781
162,5162,23,23,1,1,0.0013245033112582781
163,5163,23,16,0,1,0.0
164,5164,23,23,1,1,0.0013245033112582781
165,5165,23,16,0,1,0.0
166,5166,23,23,1,1,0.0013245033112582781
167,5167,23,18,0,1,0.0
168,5168,23,21,0,1,0.0
169,5169,23,23,1,1,0.0013245033112582781
170,5170,23,23,1,1,0.0013245033112582781
171,5171,23,15,0,1,0.0
172,5172,23,23,1,1,0.0013245033112582781
173,5173,23,21,0,1,0.0
174,5174,23,23,1,1,0.0013245033112582781
175,5175,23,23,1,1,0.0013245033112582781
176,5176,23,23,1,1,0.0013245033112582781
177,5177,23,23,1,1,0.0013245033112582781
178,5178,23,23,1,1,0.0013245033112582781
179,5179,23,23,1,1,0.0013245033112582781
180,5180,23,23,1,1,0.0013245033112582781
181,5181,23,17,0,1,0.0
182,5182,23,23,1,1,0.0013245033112582781
183,5183,23,19,0,1,0.0
184,5184,23,23,1,1,0.0013245033112582781
185,5185,23,23,1,1,0.0013245033112582781
186,5186,23,23,1,1,0.0013245033112582781
187,5187,23,22,0,1,0.0
188,5188,23,23,1,1,0.0013245033112582781
189,5189,23,23,1,1,0.0013245033112582781
190,5190,23,23,1,1,0.0013245033112582781
191,5191,23,23,1,1,0.0013245033112582781
192,5192,23,21,0,1,0.0
193,5193,23,23,1,1,0.0013245033112582781
194,5194,23,23,1,1,0.0013245033112582781
195,5195,23,14,0,1,0.0
196,5196,23,17,0,1,0.0
197,5197,23,15,0,1,0.0
198,5198,23,23,1,1,0.0013245033112582781
199,5199,23,23,1,1,0.0013245033112582781
200,5200,23,21,0,1,0.0
201,5201,23,13,0,1,0.0
202,5202,23,23,1,1,0.0013245033112582781
203,5203,23,14,0,1,0.0
204,5204,23,14,0,1,0.0
205,5205,23,23,1,1,0.0013245033112582781
206,5206,23,14,0,1,0.0
207,5207,23,22,0,1,0.0
208,5208,23,21,0,1,0.0
209,5209,23,15,0,1,0.0
210,5210,23,23,1,1,0.0013245033112582781
211,5211,23,23,1,1,0.0013245033112582781
212,5212,23,21,0,1,0.0
213,5213,23,17,0,1,0.0
214,5214,23,23,1,1,0.0013245033112582781
215,5215,23,23,1,1,0.0013245033112582781
216,5216,23,18,0,1,0.0
217,5217,23,13,0,1,0.0
218,5218,23,23,1,1,0.0013245033112582781
219,5219,23,21,0,1,0.0
220,5220,23,21,0,1,0.0
221,5221,23,23,1,1,0.0013245033112582781
222,5222,23,14,0,1,0.0
223,5223,23,23,1,1,0.0013245033112582781
224,5224,23,22,0,1,0.0
225,5225,23,17,0,1,0.0
226,5226,23,23,1,1,0.0013245033112582781
227,5227,23,18,0,1,0.0
228,5228,23,23,1,1,0.0013245033112582781
229,5229,23,12,0,1,0.0
230,5230,23,11,0,1,0.0
231,5231,23,23,1,1,0.0013245033112582781
232,5232,23,23,1,1,0.0013245033112582781
233,5233,23,23,1,1,0.0013245033112582781
234,5234,23,16,0,1,0.0
235,5235,23,17,0,1,0.0
236,5236,23,23,1,1,0.0013245033112582781
237,5237,23,20,0,1,0.0
238,5238,23,23,1,1,0.0013245033112582781
239,5239,23,22,0,1,0.0
240,5240,23,21,0,1,0.0
241,5241,23,16,0,1,0.0
242,5242,23,21,0,1,0.0
243,5243,23,17,0,1,0.0
244,5244,23,21,0,1,0.0
245,5245,23,22,0,1,0.0
246,5246,23,23,1,1,0.0013245033112582781
247,5247,23,23,1,1,0.0013245033112582781
248,5248,23,23,1,1,0.0013245033112582781
249,5249,23,16,0,1,0.0
250,5250,23,17,0,1,0.0
251,5251,23,19,0,1,0.0
252,5252,23,17,0,1,0.0
253,5253,23,22,0,1,0.0
254,5254,23,21,0,1,0.0
255,5255,23,23,1,1,0.0013245033112582781
256,5256,23,22,0,1,0.0
257,5257,23,16,0,1,0.0
258,5258,23,15,0,1,0.0
259,5259,23,23,1,1,0.0013245033112582781
260,5260,23,20,0,1,0.0
261,5261,23,21,0,1,0.0
262,5262,23,14,0,1,0.0
263,5263,23,9,0,1,0.0
264,5264,23,23,1,1,0.0013245033112582781
265,5265,23,23,1,1,0.0013245033112582781
266,5266,23,11,0,1,0.0
267,5267,23,23,1,1,0.0013245033112582781
268,5268,23,20,0,1,0.0
269,5269,23,23,1,1,0.0013245033112582781
270,5270,23,23,1,1,0.0013245033112582781
271,5271,23,23,1,1,0.0013245033112582781
272,5272,23,23,1,1,0.0013245033112582781
273,5273,23,23,1,1,0.0013245033112582781
274,5274,23,23,1,1,0.0013245033112582781
275,5275,23,22,0,1,0.0
276,5276,23,14,0,1,0.0
277,5277,23,14,0,1,0.0
278,5278,23,12,0,1,0.0
279,5279,23,20,0,1,0.0
280,5280,23,17,0,1,0.0
281,5281,23,17,0,1,0.0
282,5282,23,19,0,1,0.0
283,5283,23,23,1,1,0.0013245033112582781
284,5284,23,18,0,1,0.0
285,5285,23,18,0,1,0.0
286,5286,23,23,1,1,0.0013245033112582781
287,5287,23,12,0,1,0.0
288,5288,23,19,0,1,0.0
289,5289,23,16,0,1,0.0
290,5290,23,23,1,1,0.0013245033112582781
291,5291,23,18,0,1,0.0
292,5292,23,12,0,1,0.0
293,5293,23,23,1,1,0.0013245033112582781
294,5294,23,14,0,1,0.0
295,5295,23,17,0,1,0.0
296,5296,23,16,0,1,0.0
297,5297,23,23,1,1,0.0013245033112582781
298,5298,23,17,0,1,0.0
299,5299,23,13,0,1,0.0
300,5300,23,13,0,1,0.0
301,5301,23,23,1,1,0.0013245033112582781
302,5302,23,17,0,1,0.0
303,5303,23,17,0,1,0.0
304,5304,23,23,1,1,0.0013245033112582781
305,5305,23,23,1,1,0.0013245033112582781
306,5306,23,20,0,1,0.0
307,5307,23,17,0,1,0.0
308,5308,23,12,0,1,0.0
309,5309,23,19,0,1,0.0
310,5310,23,23,1,1,0.0013245033112582781
311,5311,23,18,0,1,0.0
312,5312,23,16,0,1,0.0
313,5313,23,18,0,1,0.0
314,5314,23,21,0,1,0.0
315,5315,23,23,1,1,0.0013245033112582781
316,5316,23,20,0,1,0.0
317,5317,23,23,1,1,0.0013245033112582781
318,5318,23,14,0,1,0.0
319,5319,23,23,1,1,0.0013245033112582781
320,5320,23,23,1,1,0.0013245033112582781
321,5321,23,23,1,1,0.0013245033112582781
322,5322,23,17,0,1,0.0
323,5323,23,19,0,1,0.0
324,5324,23,23,1,1,0.0013245033112582781
325,5325,23,17,0,1,0.0
326,5326,23,20,0,1,0.0
327,5327,23,23,1,1,0.0013245033112582781
328,5328,23,20,0,1,0.0
329,5329,23,16,0,1,0.0
330,5330,23,18,0,1,0.0
331,5331,23,16,0,1,0.0
332,5332,23,14,0,1,0.0
333,5333,23,22,0,1,0.0
334,5334,23,23,1,1,0.0013245033112582781
335,5335,23,23,1,1,0.0013245033112582781
336,5336,23,23,1,1,0.0013245033112582781
337,5337,23,23,1,1,0.0013245033112582781
338,5338,23,22,0,1,0.0
339,5339,23,23,1,1,0.0013245033112582781
340,5340,23,15,0,1,0.0
341,5341,23,23,1,1,0.0013245033112582781
342,5342,23,15,0,1,0.0
343,5343,23,14,0,1,0.0
344,5344,23,12,0,1,0.0
345,5345,23,16,0,1,0.0
346,5346,23,19,0,1,0.0
347,5347,23,23,1,1,0.0013245033112582781
348,5348,23,19,0,1,0.0
349,5349,23,18,0,1,0.0
350,5350,23,23,1,1,0.0013245033112582781
351,5351,23,18,0,1,0.0
352,5352,23,23,1,1,0.0013245033112582781
353,5353,23,23,1,1,0.0013245033112582781
354,5354,23,18,0,1,0.0
355,5355,23,23,1,1,0.0013245033112582781
356,5356,23,15,0,1,0.0
357,5357,23,21,0,1,0.0
358,5358,23,18,0,1,0.0
359,5359,23,23,1,1,0.0013245033112582781
360,5360,23,15,0,1,0.0
361,5361,23,22,0,1,0.0
362,5362,23,23,1,1,0.0013245033112582781
363,5363,23,23,1,1,0.0013245033112582781
364,5364,23,23,1,1,0.0013245033112582781
365,5365,23,20,0,1,0.0
366,5366,23,12,0,1,0.0
367,5367,23,22,0,1,0.0
368,5368,23,14,0,1,0.0
369,5369,23,20,0,1,0.0
370,5370,23,23,1,1,0.0013245033112582781
371,5371,23,23,1,1,0.0013245033112582781
372,5372,23,23,1,1,0.0013245033112582781
373,5373,23,19,0,1,0.0
374,5374,23,19,0,1,0.0
375,5375,23,21,0,1,0.0
376,5376,23,20,0,1,0.0
377,5377,23,12,0,1,0.0
378,5378,23,23,1,1,0.0013245033112582781
379,5379,23,23,1,1,0.0013245033112582781
380,5380,23,23,1,1,0.0013245033112582781
381,5381,23,20,0,1,0.0
382,5382,23,13,0,1,0.0
383,5383,23,23,1,1,0.0013245033112582781
384,5384,23,23,1,1,0.0013245033112582781
385,5385,23,23,1,1,0.0013245033112582781
386,5386,23,17,0,1,0.0
387,5387,23,18,0,1,0.0
388,5388,23,22,0,1,0.0
389,5389,23,15,0,1,0.0
390,5390,23,23,1,1,0.0013245033112582781
391,5391,23,18,0,1,0.0
392,5392,23,16,0,1,0.0
393,5393,23,14,0,1,0.0
394,5394,23,20,0,1,0.0
395,5395,23,23,1,1,0.0013245033112582781
396,5396,23,20,0,1,0.0
397,5397,23,23,1,1,0.0013245033112582781
398,5398,23,21,0,1,0.0
399,5399,23,19,0,1,0.0
400,5400,23,23,1,1,0.0013245033112582781
401,5401,23,23,1,1,0.0013245033112582781
402,5402,23,15,0,1,0.0
403,5403,23,13,0,1,0.0
404,5404,23,23,1,1,0.0013245033112582781
405,5405,23,11,0,1,0.0
406,5406,23,21,0,1,0.0
407,5407,23,21,0,1,0.0
408,5408,23,18,0,1,0.0
409,5409,23,17,0,1,0.0
410,5410,23,12,0,1,0.0
411,5411,23,23,1,1,0.0013245033112582781
412,5412,23,20,0,1,0.0
413,5413,23,23,1,1,0.0013245033112582781
414,5414,23,19,0,1,0.0
415,5415,23,21,0,1,0.0
416,5416,23,14,0,1,0.0
417,5417,23,17,0,1,0.0
418,5418,23,15,0,1,0.0
419,5419,23,23,1,1,0.0013245033112582781
420,5420,23,16,0,1,0.0
421,5421,23,18,0,1,0.0
422,5422,23,20,0,1,0.0
423,5423,23,20,0,1,0.0
424,5424,23,13,0,1,0.0
425,5425,23,11,0,1,0.0
426,5426,23,13,0,1,0.0
427,5427,23,21,0,1,0.0
428,5428,23,19,0,1,0.0
429,5429,23,20,0,1,0.0
430,5430,23,23,1,1,0.0013245033112582781
431,5431,23,13,0,1,0.0
432,5432,23,17,0,1,0.0
433,5433,23,22,0,1,0.0
434,5434,23,23,1,1,0.0013245033112582781
435,5435,23,23,1,1,0.0013245033112582781
436,5436,23,23,1,1,0.0013245033112582781
437,5437,23,22,0,1,0.0
438,5438,23,22,0,1,0.0
439,5439,23,23,1,1,0.0013245033112582781
440,5440,23,23,1,1,0.0013245033112582781
441,5441,23,21,0,1,0.0
442,5442,23,23,1,1,0.0013245033112582781
443,5443,23,23,1,1,0.0013245033112582781
444,5444,23,18,0,1,0.0
445,5445,23,18,0,1,0.0
446,5446,23,15,0,1,0.0
447,5447,23,18,0,1,0.0
448,5448,23,13,0,1,0.0
449,5449,23,23,1,1,0.0013245033112582781
450,5450,23,16,0,1,0.0
451,5451,23,23,1,1,0.0013245033112582781
452,5452,23,23,1,1,0.0013245033112582781
453,5453,23,14,0,1,0.0
454,5454,23,19,0,1,0.0
455,5455,23,23,1,1,0.0013245033112582781
456,5456,23,23,1,1,0.0013245033112582781
457,5457,23,23,1,1,0.0013245033112582781
458,5458,23,23,1,1,0.0013245033112582781
459,5459,23,21,0,1,0.0
460,5460,23,23,1,1,0.0013245033112582781
461,5461,23,17,0,1,0.0
462,5462,23,22,0,1,0.0
463,5463,23,16,0,1,0.0
464,5464,23,23,1,1,0.0013245033112582781
465,5465,23,21,0,1,0.0
466,5466,23,23,1,1,0.0013245033112582781
467,5467,23,14,0,1,0.0
468,5468,23,12,0,1,0.0
469,5469,23,21,0,1,0.0
470,5470,23,15,0,1,0.0
471,5471,23,14,0,1,0.0
472,5472,23,15,0,1,0.0
473,5473,23,23,1,1,0.0013245033112582781
474,5474,23,21,0,1,0.0
475,5475,23,22,0,1,0.0
476,5476,23,16,0,1,0.0
477,5477,23,21,0,1,0.0
478,5478,23,21,0,1,0.0
479,5479,23,18,0,1,0.0
480,5480,23,20,0,1,0.0
481,5481,23,23,1,1,0.0013245033112582781
482,5482,23,23,1,1,0.0013245033112582781
483,5483,23,23,1,1,0.0013245033112582781
484,5484,23,19,0,1,0.0
485,5485,23,22,0,1,0.0
486,5486,23,15,0,1,0.0
487,5487,23,23,1,1,0.0013245033112582781
488,5488,23,18,0,1,0.0
489,5489,23,17,0,1,0.0
490,5490,23,23,1,1,0.0013245033112582781
491,5491,23,23,1,1,0.0013245033112582781
492,5492,23,23,1,1,0.0013245033112582781
493,5493,23,21,0,1,0.0
494,5494,23,22,0,1,0.0
495,5495,23,17,0,1,0.0
496,5496,23,13,0,1,0.0
497,5497,23,22,0,1,0.0
498,5498,23,19,0,1,0.0
499,5499,23,15,0,1,0.0
500,5500,23,22,0,1,0.0
501,5501,23,23,1,1,0.0013245033112582781
502,5502,23,21,0,1,0.0
503,5503,23,16,0,1,0.0
504,5504,23,17,0,1,0.0
505,5505,23,13,0,1,0.0
506,5506,23,23,1,1,0.0013245033112582781
507,5507,23,23,1,1,0.0013245033112582781
508,5508,23,20,0,1,0.0
509,5509,23,23,1,1,0.0013245033112582781
510,5510,23,23,1,1,0.0013245033112582781
511,5511,23,23,1,1,0.0013245033112582781
512,5512,23,23,1,1,0.0013245033112582781
513,5513,23,12,0,1,0.0
514,5514,23,18,0,1,0.0
515,5515,23,23,1,1,0.0013245033112582781
516,5516,23,23,1,1,0.0013245033112582781
517,5517,23,15,0,1,0.0
518,5518,23,23,1,1,0.0013245033112582781
519,5519,23,23,1,1,0.0013245033112582781
520,5520,23,18,0,1,0.0
521,5521,23,23,1,1,0.0013245033112582781
522,5522,23,21,0,1,0.0
523,5523,23,23,1,1,0.0013245033112582781
524,5524,23,18,0,1,0.0
525,5525,23,23,1,1,0.0013245033112582781
526,5526,23,20,0,1,0.0
527,5527,23,23,1,1,0.0013245033112582781
528,5528,23,23,1,1,0.0013245033112582781
529,5529,23,18,0,1,0.0
530,5530,23,23,1,1,0.0013245033112582781
531,5531,23,15,0,1,0.0
532,5532,23,23,1,1,0.0013245033112582781
533,5533,23,23,1,1,0.0013245033112582781
534,5534,23,21,0,1,0.0
535,5535,23,16,0,1,0.0
536,5536,23,21,0,1,0.0
537,5537,23,21,0,1,0.0
538,5538,23,19,0,1,0.0
539,5539,23,17,0,1,0.0
540,5540,23,20,0,1,0.0
541,5541,23,23,1,1,0.0013245033112582781
542,5542,23,20,0,1,0.0
543,5543,23,23,1,1,0.0013245033112582781
544,5544,23,21,0,1,0.0
545,5545,23,23,1,1,0.0013245033112582781
546,5546,23,23,1,1,0.0013245033112582781
547,5547,23,18,0,1,0.0
548,5548,23,22,0,1,0.0
549,5549,23,21,0,1,0.0
550,5550,23,23,1,1,0.0013245033112582781
551,5551,23,23,1,1,0.0013245033112582781
552,5552,23,17,0,1,0.0
553,5553,23,23,1,1,0.0013245033112582781
554,5554,23,21,0,1,0.0
555,5555,23,14,0,1,0.0
556,5556,23,23,1,1,0.0013245033112582781
557,5557,23,13,0,1,0.0
558,5558,23,21,0,1,0.0
559,5559,23,23,1,1,0.0013245033112582781
560,5560,23,23,1,1,0.0013245033112582781
561,5561,23,16,0,1,0.0
562,5562,23,18,0,1,0.0
563,5563,23,23,1,1,0.0013245033112582781
564,5564,23,23,1,1,0.0013245033112582781
565,5565,23,21,0,1,0.0
566,5566,23,23,1,1,0.0013245033112582781
567,5567,23,17,0,1,0.0
568,5568,23,20,0,1,0.0
569,5569,23,23,1,1,0.0013245033112582781
570,5570,23,21,0,1,0.0
571,5571,23,23,1,1,0.0013245033112582781
572,5572,23,23,1,1,0.0013245033112582781
573,5573,23,19,0,1,0.0
574,5574,23,19,0,1,0.0
575,5575,23,18,0,1,0.0
576,5576,23,23,1,1,0.0013245033112582781
577,5577,23,23,1,1,0.0013245033112582781
578,5578,23,14,0,1,0.0
579,5579,23,17,0,1,0.0
580,5580,23,23,1,1,0.0013245033112582781
581,5581,23,23,1,1,0.0013245033112582781
582,5582,23,18,0,1,0.0
583,5583,23,19,0,1,0.0
584,5584,23,23,1,1,0.0013245033112582781
585,5585,23,15,0,1,0.0
586,5586,23,23,1,1,0.0013245033112582781
587,5587,23,15,0,1,0.0
588,5588,23,15,0,1,0.0
589,5589,23,23,1,1,0.0013245033112582781
590,5590,23,16,0,1,0.0
591,5591,23,22,0,1,0.0
592,5592,23,23,1,1,0.0013245033112582781
593,5593,23,18,0,1,0.0
594,5594,23,22,0,1,0.0
595,5595,23,17,0,1,0.0
596,5596,23,18,0,1,0.0
597,5597,23,23,1,1,0.0013245033112582781
598,5598,23,22,0,1,0.0
599,5599,23,20,0,1,0.0
600,5600,23,21,0,1,0.0
601,5601,23,23,1,1,0.0013245033112582781
602,5602,23,20,0,1,0.0
603,5603,23,23,1,1,0.0013245033112582781
604,5604,23,17,0,1,0.0
605,5605,23,15,0,1,0.0
606,5606,23,13,0,1,0.0
607,5607,23,18,0,1,0.0
608,5608,23,15,0,1,0.0
609,5609,23,9,0,1,0.0
610,5610,23,23,1,1,0.0013245033112582781
611,5611,23,20,0,1,0.0
612,5612,23,23,1,1,0.0013245033112582781
613,5613,23,12,0,1,0.0
614,5614,23,20,0,1,0.0
615,5615,23,20,0,1,0.0
616,5616,23,14,0,1,0.0
617,5617,23,23,1,1,0.0013245033112582781
618,5618,23,22,0,1,0.0
619,5619,23,17,0,1,0.0
620,5620,23,14,0,1,0.0
621,5621,23,18,0,1,0.0
622,5622,23,18,0,1,0.0
623,5623,23,22,0,1,0.0
624,5624,23,18,0,1,0.0
625,5625,23,23,1,1,0.0013245033112582781
626,5626,23,17,0,1,0.0
627,5627,23,23,1,1,0.0013245033112582781
628,5628,23,23,1,1,0.0013245033112582781
629,5629,23,22,0,1,0.0
630,5630,23,15,0,1,0.0
631,5631,23,23,1,1,0.0013245033112582781
632,5632,23,21,0,1,0.0
633,5633,23,23,1,1,0.0013245033112582781
634,5634,23,22,0,1,0.0
635,5635,23,17,0,1,0.0
636,5636,23,23,1,1,0.0013245033112582781
637,5637,23,23,1,1,0.0013245033112582781
638,5638,23,16,0,1,0.0
639,5639,23,23,1,1,0.0013245033112582781
640,5640,23,21,0,1,0.0
641,5641,23,19,0,1,0.0
642,5642,23,19,0,1,0.0
643,5643,23,23,1,1,0.0013245033112582781
644,5644,23,23,1,1,0.0013245033112582781
645,5645,23,20,0,1,0.0
646,5646,23,13,0,1,0.0
647,5647,23,16,0,1,0.0
648,5648,23,19,0,1,0.0
649,5649,23,23,1,1,0.0013245033112582781
650,5650,23,23,1,1,0.0013245033112582781
651,5651,23,19,0,1,0.0
652,5652,23,23,1,1,0.0013245033112582781
653,5653,23,14,0,1,0.0
654,5654,23,23,1,1,0.0013245033112582781
655,5655,23,23,1,1,0.0013245033112582781
656,5656,23,16,0,1,0.0
657,5657,23,23,1,1,0.0013245033112582781
658,5658,23,21,0,1,0.0
659,5659,23,23,1,1,0.0013245033112582781
660,5660,23,23,1,1,0.0013245033112582781
661,5661,23,15,0,1,0.0
662,5662,23,12,0,1,0.0
663,5663,23,17,0,1,0.0
664,5664,23,23,1,1,0.0013245033112582781
665,5665,23,20,0,1,0.0
666,5666,23,23,1,1,0.0013245033112582781
667,5667,23,21,0,1,0.0
668,5668,23,17,0,1,0.0
669,5669,23,20,0,1,0.0
670,5670,23,14,0,1,0.0
671,5671,23,21,0,1,0.0
672,5672,23,20,0,1,0.0
673,5673,23,18,0,1,0.0
674,5674,23,20,0,1,0.0
675,5675,23,18,0,1,0.0
676,5676,23,19,0,1,0.0
677,5677,23,17,0,1,0.0
678,5678,23,18,0,1,0.0
679,5679,23,17,0,1,0.0
680,5680,23,20,0,1,0.0
681,5681,23,18,0,1,0.0
682,5682,23,23,1,1,0.0013245033112582781
683,5683,23,18,0,1,0.0
684,5684,23,23,1,1,0.0013245033112582781
685,5685,23,23,1,1,0.0013245033112582781
686,5686,23,23,1,1,0.0013245033112582781
687,5687,23,16,0,1,0.0
688,5688,23,23,1,1,0.0013245033112582781
689,5689,23,20,0,1,0.0
690,5690,23,20,0,1,0.0
691,5691,23,19,0,1,0.0
692,5692,23,23,1,1,0.0013245033112582781
693,5693,23,18,0,1,0.0
694,5694,23,20,0,1,0.0
695,5695,23,18,0,1,0.0
696,5696,23,20,0,1,0.0
697,5697,23,23,1,1,0.0013245033112582781
698,5698,23,23,1,1,0.0013245033112582781
699,5699,23,23,1,1,0.0013245033112582781
700,5700,23,18,0,1,0.0
701,5701,23,23,1,1,0.0013245033112582781
702,5702,23,13,0,1,0.0
703,5703,23,17,0,1,0.0
704,5704,23,21,0,1,0.0
705,5705,23,23,1,1,0.0013245033112582781
706,5706,23,17,0,1,0.0
707,5707,23,15,0,1,0.0
708,5708,23,17,0,1,0.0
709,5709,23,20,0,1,0.0
710,5710,23,23,1,1,0.0013245033112582781
711,5711,23,14,0,1,0.0
712,5712,23,23,1,1,0.0013245033112582781
713,5713,23,14,0,1,0.0
714,5714,23,22,0,1,0.0
715,5715,23,23,1,1,0.0013245033112582781
716,5716,23,23,1,1,0.0013245033112582781
717,5717,23,19,0,1,0.0
718,5718,23,23,1,1,0.0013245033112582781
719,5719,23,11,0,1,0.0
720,5720,23,14,0,1,0.0
721,5721,23,23,1,1,0.0013245033112582781
722,5722,23,22,0,1,0.0
723,5723,23,23,1,1,0.0013245033112582781
724,5724,23,23,1,1,0.0013245033112582781
725,5725,23,23,1,1,0.0013245033112582781
726,5726,23,18,0,1,0.0
727,5727,23,13,0,1,0.0
728,5728,23,22,0,1,0.0
729,5729,23,23,1,1,0.0013245033112582781
730,5730,23,23,1,1,0.0013245033112582781
731,5731,23,20,0,1,0.0
732,5732,23,15,0,1,0.0
733,5733,23,23,1,1,0.0013245033112582781
734,5734,23,21,0,1,0.0
735,5735,23,17,0,1,0.0
736,5736,23,23,1,1,0.0013245033112582781
737,5737,23,14,0,1,0.0
738,5738,23,15,0,1,0.0
739,5739,23,23,1,1,0.0013245033112582781
740,5740,23,19,0,1,0.0
741,5741,23,18,0,1,0.0
742,5742,23,19,0,1,0.0
743,5743,23,17,0,1,0.0
744,5744,23,23,1,1,0.0013245033112582781
745,5745,23,23,1,1,0.0013245033112582781
746,5746,23,23,1,1,0.0013245033112582781
747,5747,23,23,1,1,0.0013245033112582781
748,5748,23,23,1,1,0.0013245033112582781
749,5749,23,23,1,1,0.0013245033112582781
750,5750,23,21,0,1,0.0
751,5751,23,23,1,1,0.0013245033112582781
752,5752,23,18,0,1,0.0
753,5753,23,18,0,1,0.0
754,5754,23,21,0,1,0.0
755,5755,26,21,0,1,0.0
756,5756,26,20,0,1,0.0
757,5757,26,20,0,1,0.0
758,5758,26,25,0,1,0.0
759,5759,26,11,0,1,0.0
760,5760,26,19,0,1,0.0
761,5761,26,21,0,1,0.0
762,5762,26,26,1,1,0.0013245033112582781
763,5763,26,26,1,1,0.0013245033112582781
764,5764,26,14,0,1,0.0
765,5765,26,26,1,1,0.0013245033112582781
766,5766,26,26,1,1,0.0013245033112582781
767,5767,26,21,0,1,0.0
768,5768,26,26,1,1,0.0013245033112582781
769,5769,26,26,1,1,0.0013245033112582781
770,5770,26,26,1,1,0.0013245033112582781
771,5771,26,26,1,1,0.0013245033112582781
772,5772,26,26,1,1,0.0013245033112582781
773,5773,26,26,1,1,0.0013245033112582781
774,5774,26,23,0,1,0.0
775,5775,26,22,0,1,0.0
776,5776,26,15,0,1,0.0
777,5777,26,23,0,1,0.0
778,5778,26,26,1,1,0.0013245033112582781
779,5779,26,22,0,1,0.0
780,5780,26,21,0,1,0.0
781,5781,26,26,1,1,0.0013245033112582781
782,5782,26,26,1,1,0.0013245033112582781
783,5783,26,19,0,1,0.0
784,5784,26,26,1,1,0.0013245033112582781
785,5785,26,19,0,1,0.0
786,5786,26,25,0,1,0.0
787,5787,26,18,0,1,0.0
788,5788,26,24,0,1,0.0
789,5789,26,26,1,1,0.0013245033112582781
790,5790,26,21,0,1,0.0
791,5791,26,26,1,1,0.0013245033112582781
792,5792,26,26,1,1,0.0013245033112582781
793,5793,26,26,1,1,0.0013245033112582781
794,5794,26,20,0,1,0.0
795,5795,26,26,1,1,0.0013245033112582781
796,5796,26,24,0,1,0.0
797,5797,26,20,0,1,0.0
798,5798,26,26,1,1,0.0013245033112582781
799,5799,26,26,1,1,0.0013245033112582781
800,5800,26,26,1,1,0.0013245033112582781
801,5801,26,26,1,1,0.0013245033112582781
802,5802,26,26,1,1,0.0013245033112582781
803,5803,26,19,0,1,0.0
804,5804,26,21,0,1,0.0
805,5805,26,19,0,1,0.0
806,5806,26,18,0,1,0.0
807,5807,26,22,0,1,0.0
808,5808,26,26,1,1,0.0013245033112582781
809,5809,26,16,0,1,0.0
810,5810,26,26,1,1,0.0013245033112582781
811,5811,26,21,0,1,0.0
812,5812,26,26,1,1,0.0013245033112582781
813,5813,26,26,1,1,0.0013245033112582781
814,5814,26,17,0,1,0.0
815,5815,26,22,0,1,0.0
816,5816,26,21,0,1,0.0
817,5817,26,26,1,1,0.0013245033112582781
818,5818,26,26,1,1,0.0013245033112582781
819,5819,26,26,1,1,0.0013245033112582781
820,5820,26,17,0,1,0.0
821,5821,26,26,1,1,0.0013245033112582781
822,5822,26,25,0,1,0.0
823,5823,26,26,1,1,0.0013245033112582781
824,5824,26,19,0,1,0.0
825,5825,26,26,1,1,0.0013245033112582781
826,5826,26,23,0,1,0.0
827,5827,26,24,0,1,0.0
828,5828,26,17,0,1,0.0
829,5829,26,20,0,1,0.0
830,5830,26,20,0,1,0.0
831,5831,26,20,0,1,0.0
832,5832,26,15,0,1,0.0
833,5833,26,17,0,1,0.0
834,5834,26,18,0,1,0.0
835,5835,26,21,0,1,0.0
836,5836,26,25,0,1,0.0
837,5837,26,23,0,1,0.0
838,5838,26,25,0,1,0.0
839,5839,26,26,1,1,0.0013245033112582781
840,5840,26,21,0,1,0.0
841,5841,26,18,0,1,0.0
842,5842,26,18,0,1,0.0
843,5843,26,21,0,1,0.0
844,5844,26,18,0,1,0.0
845,5845,26,24,0,1,0.0
846,5846,26,24,0,1,0.0
847,5847,26,26,1,1,0.0013245033112582781
848,5848,26,17,0,1,0.0
849,5849,26,18,0,1,0.0
850,5850,26,19,0,1,0.0
851,5851,26,23,0,1,0.0
852,5852,26,26,1,1,0.0013245033112582781
853,5853,26,20,0,1,0.0
854,5854,26,26,1,1,0.0013245033112582781
855,5855,26,25,0,1,0.0
856,5856,26,26,1,1,0.0013245033112582781
857,5857,26,25,0,1,0.0
858,5858,26,26,1,1,0.0013245033112582781
859,5859,26,15,0,1,0.0
860,5860,26,26,1,1,0.0013245033112582781
861,5861,26,22,0,1,0.0
862,5862,26,26,1,1,0.0013245033112582781
863,5863,26,19,0,1,0.0
864,5864,26,22,0,1,0.0
865,5865,26,26,1,1,0.0013245033112582781
866,5866,26,21,0,1,0.0
867,5867,26,26,1,1,0.0013245033112582781
868,5868,26,20,0,1,0.0
869,5869,26,18,0,1,0.0
870,5870,26,17,0,1,0.0
871,5871,26,25,0,1,0.0
872,5872,26,25,0,1,0.0
873,5873,26,26,1,1,0.0013245033112582781
874,5874,26,19,0,1,0.0
875,5875,26,20,0,1,0.0
876,5876,26,23,0,1,0.0
877,5877,26,20,0,1,0.0
878,5878,26,21,0,1,0.0
879,5879,26,18,0,1,0.0
880,5880,26,20,0,1,0.0
881,5881,26,16,0,1,0.0
882,5882,26,26,1,1,0.0013245033112582781
883,5883,26,26,1,1,0.0013245033112582781
884,5884,26,21,0,1,0.0
885,5885,26,21,0,1,0.0
886,5886,26,26,1,1,0.0013245033112582781
887,5887,26,26,1,1,0.0013245033112582781
888,5888,26,20,0,1,0.0
889,5889,26,23,0,1,0.0
890,5890,26,18,0,1,0.0
891,5891,26,26,1,1,0.0013245033112582781
892,5892,26,20,0,1,0.0
893,5893,26,24,0,1,0.0
894,5894,26,22,0,1,0.0
895,5895,26,22,0,1,0.0
896,5896,26,21,0,1,0.0
897,5897,26,26,1,1,0.0013245033112582781
898,5898,26,15,0,1,0.0
899,5899,26,26,1,1,0.0013245033112582781
900,5900,26,26,1,1,0.0013245033112582781
901,5901,26,19,0,1,0.0
902,5902,26,21,0,1,0.0
903,5903,26,20,0,1,0.0
904,5904,26,22,0,1,0.0
905,5905,26,25,0,1,0.0
906,5906,26,23,0,1,0.0
907,5907,26,14,0,1,0.0
908,5908,26,26,1,1,0.0013245033112582781
909,5909,26,26,1,1,0.0013245033112582781
910,5910,26,26,1,1,0.0013245033112582781
911,5911,26,26,1,1,0.0013245033112582781
912,5912,26,19,0,1,0.0
913,5913,26,22,0,1,0.0
914,5914,26,21,0,1,0.0
915,5915,26,22,0,1,0.0
916,5916,26,26,1,1,0.0013245033112582781
917,5917,26,11,0,1,0.0
918,5918,26,26,1,1,0.0013245033112582781
919,5919,26,23,0,1,0.0
920,5920,26,26,1,1,0.0013245033112582781
921,5921,26,16,0,1,0.0
922,5922,26,25,0,1,0.0
923,5923,26,23,0,1,0.0
924,5924,26,26,1,1,0.0013245033112582781
925,5925,26,23,0,1,0.0
926,5926,26,26,1,1,0.0013245033112582781
927,5927,26,26,1,1,0.0013245033112582781
928,5928,26,20,0,1,0.0
929,5929,26,18,0,1,0.0
930,5930,26,26,1,1,0.0013245033112582781
931,5931,26,22,0,1,0.0
932,5932,26,18,0,1,0.0
933,5933,26,20,0,1,0.0
934,5934,26,22,0,1,0.0
935,5935,26,21,0,1,0.0
936,5936,26,26,1,1,0.0013245033112582781
937,5937,26,26,1,1,0.0013245033112582781
938,5938,26,26,1,1,0.0013245033112582781
939,5939,26,21,0,1,0.0
940,5940,26,21,0,1,0.0
941,5941,26,21,0,1,0.0
942,5942,26,26,1,1,0.0013245033112582781
943,5943,26,17,0,1,0.0
944,5944,26,18,0,1,0.0
945,5945,26,14,0,1,0.0
946,5946,26,22,0,1,0.0
947,5947,26,23,0,1,0.0
948,5948,26,19,0,1,0.0
949,5949,26,22,0,1,0.0
950,5950,26,22,0,1,0.0
951,5951,26,20,0,1,0.0
952,5952,26,21,0,1,0.0
953,5953,26,26,1,1,0.0013245033112582781
954,5954,26,23,0,1,0.0
955,5955,26,24,0,1,0.0
956,5956,26,26,1,1,0.0013245033112582781
957,5957,26,26,1,1,0.0013245033112582781
958,5958,26,26,1,1,0.0013245033112582781
959,5959,26,24,0,1,0.0
960,5960,26,26,1,1,0.0013245033112582781
961,5961,26,26,1,1,0.0013245033112582781
962,5962,26,26,1,1,0.0013245033112582781
963,5963,26,22,0,1,0.0
964,5964,26,22,0,1,0.0
965,5965,26,26,1,1,0.0013245033112582781
966,5966,26,26,1,1,0.0013245033112582781
967,5967,26,18,0,1,0.0
968,5968,26,26,1,1,0.0013245033112582781
969,5969,26,22,0,1,0.0
970,5970,26,22,0,1,0.0
971,5971,26,24,0,1,0.0
972,5972,26,24,0,1,0.0
973,5973,26,26,1,1,0.0013245033112582781
974,5974,26,19,0,1,0.0
975,5975,26,26,1,1,0.0013245033112582781
976,5976,26,18,0,1,0.0
977,5977,26,20,0,1,0.0
978,5978,26,26,1,1,0.0013245033112582781
979,5979,26,26,1,1,0.0013245033112582781
980,5980,26,26,1,1,0.0013245033112582781
981,5981,26,20,0,1,0.0
982,5982,26,26,1,1,0.0013245033112582781
983,5983,26,21,0,1,0.0
984,5984,26,26,1,1,0.0013245033112582781
985,5985,26,19,0,1,0.0
986,5986,26,22,0,1,0.0
987,5987,26,17,0,1,0.0
988,5988,26,26,1,1,0.0013245033112582781
989,5989,26,20,0,1,0.0
990,5990,26,26,1,1,0.0013245033112582781
991,5991,26,17,0,1,0.0
992,5992,26,17,0,1,0.0
993,5993,26,20,0,1,0.0
994,5994,26,18,0,1,0.0
995,5995,26,17,0,1,0.0
996,5996,26,26,1,1,0.0013245033112582781
997,5997,26,26,1,1,0.0013245033112582781
998,5998,26,21,0,1,0.0
999,5999,26,18,0,1,0.0
1000,6000,26,15,0,1,0.0
1001,6001,26,21,0,1,0.0
1002,6002,26,25,0,1,0.0
1003,6003,26,19,0,1,0.0
1004,6004,26,26,1,1,0.0013245033112582781
1005,6005,26,21,0,1,0.0
1006,6006,26,20,0,1,0.0
1007,6007,26,26,1,1,0.0013245033112582781
1008,6008,26,26,1,1,0.0013245033112582781
1009,6009,26,26,1,1,0.0013245033112582781
1010,6010,26,25,0,1,0.0
1011,6011,26,22,0,1,0.0
1012,6012,26,26,1,1,0.0013245033112582781
1013,6013,26,14,0,1,0.0
1014,6014,26,26,1,1,0.0013245033112582781
1015,6015,26,26,1,1,0.0013245033112582781
1016,6016,26,26,1,1,0.0013245033112582781
1017,6017,26,18,0,1,0.0
1018,6018,26,16,0,1,0.0
1019,6019,26,23,0,1,0.0
1020,6020,26,26,1,1,0.0013245033112582781
1021,6021,26,19,0,1,0.0
1022,6022,26,24,0,1,0.0
1023,6023,26,22,0,1,0.0
1024,6024,26,26,1,1,0.0013245033112582781
1025,6025,26,22,0,1,0.0
1026,6026,26,24,0,1,0.0
1027,6027,26,23,0,1,0.0
1028,6028,26,16,0,1,0.0
1029,6029,26,26,1,1,0.0013245033112582781
1030,6030,26,20,0,1,0.0
1031,6031,26,21,0,1,0.0
1032,6032,26,26,1,1,0.0013245033112582781
1033,6033,26,21,0,1,0.0
1034,6034,26,15,0,1,0.0
1035,6035,26,21,0,1,0.0
1036,6036,26,23,0,1,0.0
1037,6037,26,26,1,1,0.0013245033112582781
1038,6038,26,20,0,1,0.0
1039,6039,26,21,0,1,0.0
1040,6040,26,25,0,1,0.0
1041,6041,26,26,1,1,0.0013245033112582781
1042,6042,26,20,0,1,0.0
1043,6043,26,18,0,1,0.0
1044,6044,26,26,1,1,0.0013245033112582781
1045,6045,26,26,1,1,0.0013245033112582781
1046,6046,26,26,1,1,0.0013245033112582781
1047,6047,26,24,0,1,0.0
1048,6048,26,26,1,1,0.0013245033112582781
1049,6049,26,20,0,1,0.0
1050,6050,26,26,1,1,0.0013245033112582781
1051,6051,26,21,0,1,0.0
1052,6052,26,23,0,1,0.0
1053,6053,26,18,0,1,0.0
1054,6054,26,26,1,1,0.0013245033112582781
1055,6055,26,26,1,1,0.0013245033112582781
1056,6056,26,26,1,1,0.0013245033112582781
1057,6057,26,18,0,1,0.0
1058,6058,26,26,1,1,0.0013245033112582781
1059,6059,26,17,0,1,0.0
1060,6060,26,26,1,1,0.0013245033112582781
1061,6061,26,26,1,1,0.0013245033112582781
1062,6062,26,26,1,1,0.0013245033112582781
1063,6063,26,21,0,1,0.0
1064,6064,26,26,1,1,0.0013245033112582781
1065,6065,26,26,1,1,0.0013245033112582781
1066,6066,26,26,1,1,0.0013245033112582781
1067,6067,26,25,0,1,0.0
1068,6068,26,19,0,1,0.0
1069,6069,26,26,1,1,0.0013245033112582781
1070,6070,26,22,0,1,0.0
1071,6071,26,18,0,1,0.0
1072,6072,26,26,1,1,0.0013245033112582781
1073,6073,26,24,0,1,0.0
1074,6074,26,21,0,1,0.0
1075,6075,26,26,1,1,0.0013245033112582781
1076,6076,26,26,1,1,0.0013245033112582781
1077,6077,26,26,1,1,0.0013245033112582781
1078,6078,26,17,0,1,0.0
1079,6079,26,16,0,1,0.0
1080,6080,26,26,1,1,0.0013245033112582781
1081,6081,26,14,0,1,0.0
1082,6082,26,20,0,1,0.0
1083,6083,26,23,0,1,0.0
1084,6084,26,19,0,1,0.0
1085,6085,26,26,1,1,0.0013245033112582781
1086,6086,26,25,0,1,0.0
1087,6087,26,24,0,1,0.0
1088,6088,26,20,0,1,0.0
1089,6089,26,26,1,1,0.0013245033112582781
1090,6090,26,26,1,1,0.0013245033112582781
1091,6091,26,26,1,1,0.0013245033112582781
1092,6092,26,25,0,1,0.0
1093,6093,26,19,0,1,0.0
1094,6094,26,23,0,1,0.0
1095,6095,26,26,1,1,0.0013245033112582781
1096,6096,26,21,0,1,0.0
1097,6097,26,21,0,1,0.0
1098,6098,26,15,0,1,0.0
1099,6099,26,26,1,1,0.0013245033112582781
1100,6100,26,22,0,1,0.0
1101,6101,26,26,1,1,0.0013245033112582781
1102,6102,26,19,0,1,0.0
1103,6103,26,17,0,1,0.0
1104,6104,26,16,0,1,0.0
1105,6105,26,26,1,1,0.0013245033112582781
1106,6106,26,24,0,1,0.0
1107,6107,26,22,0,1,0.0
1108,6108,26,13,0,1,0.0
1109,6109,26,21,0,1,0.0
1110,6110,26,26,1,1,0.0013245033112582781
1111,6111,26,26,1,1,0.0013245033112582781
1112,6112,26,26,1,1,0.0013245033112582781
1113,6113,26,23,0,1,0.0
1114,6114,26,19,0,1,0.0
1115,6115,26,22,0,1,0.0
1116,6116,26,24,0,1,0.0
1117,6117,26,26,1,1,0.0013245033112582781
1118,6118,26,25,0,1,0.0
1119,6119,26,15,0,1,0.0
1120,6120,26,23,0,1,0.0
1121,6121,26,24,0,1,0.0
1122,6122,26,19,0,1,0.0
1123,6123,26,20,0,1,0.0
1124,6124,26,26,1,1,0.0013245033112582781
1125,6125,26,22,0,1,0.0
1126,6126,26,22,0,1,0.0
1127,6127,26,17,0,1,0.0
1128,6128,26,20,0,1,0.0
1129,6129,26,20,0,1,0.0
1130,6130,26,26,1,1,0.0013245033112582781
1131,6131,26,26,1,1,0.0013245033112582781
1132,6132,26,26,1,1,0.0013245033112582781
1133,6133,26,26,1,1,0.0013245033112582781
1134,6134,26,24,0,1,0.0
1135,6135,26,19,0,1,0.0
1136,6136,26,26,1,1,0.0013245033112582781
1137,6137,26,26,1,1,0.0013245033112582781
1138,6138,26,26,1,1,0.0013245033112582781
1139,6139,26,22,0,1,0.0
1140,6140,26,26,1,1,0.0013245033112582781
1141,6141,26,22,0,1,0.0
1142,6142,26,26,1,1,0.0013245033112582781
1143,6143,26,23,0,1,0.0
1144,6144,26,26,1,1,0.0013245033112582781
1145,6145,26,26,1,1,0.0013245033112582781
1146,6146,26,26,1,1,0.0013245033112582781
1147,6147,26,16,0,1,0.0
1148,6148,26,24,0,1,0.0
1149,6149,26,16,0,1,0.0
1150,6150,26,26,1,1,0.0013245033112582781
1151,6151,26,24,0,1,0.0
1152,6152,26,26,1,1,0.0013245033112582781
1153,6153,26,26,1,1,0.0013245033112582781
1154,6154,26,26,1,1,0.0013245033112582781
1155,6155,26,26,1,1,0.0013245033112582781
1156,6156,26,26,1,1,0.0013245033112582781
1157,6157,26,26,1,1,0.0013245033112582781
1158,6158,26,22,0,1,0.0
1159,6159,26,20,0,1,0.0
1160,6160,26,23,0,1,0.0
1161,6161,26,21,0,1,0.0
1162,6162,26,26,1,1,0.0013245033112582781
1163,6163,26,21,0,1,0.0
1164,6164,26,26,1,1,0.0013245033112582781
1165,6165,26,26,1,1,0.0013245033112582781
1166,6166,26,26,1,1,0.0013245033112582781
1167,6167,26,18,0,1,0.0
1168,6168,26,19,0,1,0.0
1169,6169,26,13,0,1,0.0
1170,6170,26,22,0,1,0.0
1171,6171,26,26,1,1,0.0013245033112582781
1172,6172,26,19,0,1,0.0
1173,6173,26,26,1,1,0.0013245033112582781
1174,6174,26,16,0,1,0.0
1175,6175,26,26,1,1,0.0013245033112582781
1176,6176,26,16,0,1,0.0
1177,6177,26,26,1,1,0.0013245033112582781
1178,6178,26,26,1,1,0.0013245033112582781
1179,6179,26,26,1,1,0.0013245033112582781
1180,6180,26,21,0,1,0.0
1181,6181,26,23,0,1,0.0
1182,6182,26,19,0,1,0.0
1183,6183,26,18,0,1,0.0
1184,6184,26,24,0,1,0.0
1185,6185,26,25,0,1,0.0
1186,6186,26,21,0,1,0.0
1187,6187,26,26,1,1,0.0013245033112582781
1188,6188,26,25,0,1,0.0
1189,6189,26,24,0,1,0.0
1190,6190,26,24,0,1,0.0
1191,6191,26,22,0,1,0.0
1192,6192,26,26,1,1,0.0013245033112582781
1193,6193,26,20,0,1,0.0
1194,6194,26,20,0,1,0.0
1195,6195,26,17,0,1,0.0
1196,6196,26,26,1,1,0.0013245033112582781
1197,6197,26,26,1,1,0.0013245033112582781
1198,6198,26,22,0,1,0.0
1199,6199,26,20,0,1,0.0
1200,6200,26,23,0,1,0.0
1201,6201,26,26,1,1,0.0013245033112582781
1202,6202,26,26,1,1,0.0013245033112582781
1203,6203,26,20,0,1,0.0
1204,6204,26,25,0,1,0.0
1205,6205,26,26,1,1,0.0013245033112582781
1206,6206,26,26,1,1,0.0013245033112582781
1207,6207,26,24,0,1,0.0
1208,6208,26,26,1,1,0.0013245033112582781
1209,6209,26,24,0,1,0.0
1210,6210,26,26,1,1,0.0013245033112582781
1211,6211,26,24,0,1,0.0
1212,6212,26,26,1,1,0.0013245033112582781
1213,6213,26,11,0,1,0.0
1214,6214,26,22,0,1,0.0
1215,6215,26,23,0,1,0.0
1216,6216,26,26,1,1,0.0013245033112582781
1217,6217,26,26,1,1,0.0013245033112582781
1218,6218,26,18,0,1,0.0
1219,6219,26,16,0,1,0.0
1220,6220,26,24,0,1,0.0
1221,6221,26,26,1,1,0.0013245033112582781
1222,6222,26,18,0,1,0.0
1223,6223,26,22,0,1,0.0
1224,6224,26,26,1,1,0.0013245033112582781
1225,6225,26,26,1,1,0.0013245033112582781
1226,6226,26,24,0,1,0.0
1227,6227,26,23,0,1,0.0
1228,6228,26,26,1,1,0.0013245033112582781
1229,6229,26,23,0,1,0.0
1230,6230,26,23,0,1,0.0
1231,6231,26,24,0,1,0.0
1232,6232,26,18,0,1,0.0
1233,6233,26,26,1,1,0.0013245033112582781
1234,6234,26,26,1,1,0.0013245033112582781
1235,6235,26,23,0,1,0.0
1236,6236,26,18,0,1,0.0
1237,6237,26,26,1,1,0.0013245033112582781
1238,6238,26,17,0,1,0.0
1239,6239,26,15,0,1,0.0
1240,6240,26,21,0,1,0.0
1241,6241,26,19,0,1,0.0
1242,6242,26,20,0,1,0.0
1243,6243,26,26,1,1,0.0013245033112582781
1244,6244,26,16,0,1,0.0
1245,6245,26,22,0,1,0.0
1246,6246,26,22,0,1,0.0
1247,6247,26,18,0,1,0.0
1248,6248,26,23,0,1,0.0
1249,6249,26,19,0,1,0.0
1250,6250,26,22,0,1,0.0
1251,6251,26,10,0,1,0.0
1252,6252,26,26,1,1,0.0013245033112582781
1253,6253,26,26,1,1,0.0013245033112582781
1254,6254,26,26,1,1,0.0013245033112582781
1255,6255,26,24,0,1,0.0
1256,6256,26,19,0,1,0.0
1257,6257,26,26,1,1,0.0013245033112582781
1258,6258,26,26,1,1,0.0013245033112582781
1259,6259,26,23,0,1,0.0
1260,6260,26,26,1,1,0.0013245033112582781
1261,6261,26,16,0,1,0.0
1262,6262,26,21,0,1,0.0
1263,6263,26,26,1,1,0.0013245033112582781
1264,6264,26,26,1,1,0.0013245033112582781
1265,6265,26,26,1,1,0.0013245033112582781
1266,6266,26,18,0,1,0.0
1267,6267,26,25,0,1,0.0
1268,6268,26,26,1,1,0.0013245033112582781
1269,6269,26,23,0,1,0.0
1270,6270,26,22,0,1,0.0
1271,6271,26,14,0,1,0.0
1272,6272,26,18,0,1,0.0
1273,6273,26,18,0,1,0.0
1274,6274,26,26,1,1,0.0013245033112582781
1275,6275,26,26,1,1,0.0013245033112582781
1276,6276,26,26,1,1,0.0013245033112582781
1277,6277,26,22,0,1,0.0
1278,6278,26,26,1,1,0.0013245033112582781
1279,6279,26,23,0,1,0.0
1280,6280,26,25,0,1,0.0
1281,6281,26,26,1,1,0.0013245033112582781
1282,6282,26,21,0,1,0.0
1283,6283,26,20,0,1,0.0
1284,6284,26,24,0,1,0.0
1285,6285,26,21,0,1,0.0
1286,6286,26,16,0,1,0.0
1287,6287,26,22,0,1,0.0
1288,6288,26,24,0,1,0.0
1289,6289,26,21,0,1,0.0
1290,6290,26,26,1,1,0.0013245033112582781
1291,6291,26,25,0,1,0.0
1292,6292,26,26,1,1,0.0013245033112582781
1293,6293,26,26,1,1,0.0013245033112582781
1294,6294,26,24,0,1,0.0
1295,6295,26,26,1,1,0.0013245033112582781
1296,6296,26,26,1,1,0.0013245033112582781
1297,6297,26,21,0,1,0.0
1298,6298,26,26,1,1,0.0013245033112582781
1299,6299,26,26,1,1,0.0013245033112582781
1300,6300,26,18,0,1,0.0
1301,6301,26,14,0,1,0.0
1302,6302,26,21,0,1,0.0
1303,6303,26,22,0,1,0.0
1304,6304,26,26,1,1,0.0013245033112582781
1305,6305,26,22,0,1,0.0
1306,6306,26,23,0,1,0.0
1307,6307,26,21,0,1,0.0
1308,6308,26,24,0,1,0.0
1309,6309,26,24,0,1,0.0
1310,6310,26,26,1,1,0.0013245033112582781
1311,6311,26,20,0,1,0.0
1312,6312,26,24,0,1,0.0
1313,6313,26,23,0,1,0.0
1314,6314,26,23,0,1,0.0
1315,6315,26,26,1,1,0.0013245033112582781
1316,6316,26,26,1,1,0.0013245033112582781
1317,6317,26,26,1,1,0.0013245033112582781
1318,6318,26,25,0,1,0.0
1319,6319,26,26,1,1,0.0013245033112582781
1320,6320,26,21,0,1,0.0
1321,6321,26,21,0,1,0.0
1322,6322,26,17,0,1,0.0
1323,6323,26,23,0,1,0.0
1324,6324,26,21,0,1,0.0
1325,6325,26,16,0,1,0.0
1326,6326,26,26,1,1,0.0013245033112582781
1327,6327,26,23,0,1,0.0
1328,6328,26,24,0,1,0.0
1329,6329,26,26,1,1,0.0013245033112582781
1330,6330,26,20,0,1,0.0
1331,6331,26,20,0,1,0.0
1332,6332,26,26,1,1,0.0013245033112582781
1333,6333,26,26,1,1,0.0013245033112582781
1334,6334,26,23,0,1,0.0
1335,6335,26,14,0,1,0.0
1336,6336,26,23,0,1,0.0
1337,6337,26,26,1,1,0.0013245033112582781
1338,6338,26,20,0,1,0.0
1339,6339,26,20,0,1,0.0
1340,6340,26,26,1,1,0.0013245033112582781
1341,6341,26,26,1,1,0.0013245033112582781
1342,6342,26,26,1,1,0.0013245033112582781
1343,6343,26,21,0,1,0.0
1344,6344,26,21,0,1,0.0
1345,6345,26,24,0,1,0.0
1346,6346,26,22,0,1,0.0
1347,6347,26,15,0,1,0.0
1348,6348,26,26,1,1,0.0013245033112582781
1349,6349,26,26,1,1,0.0013245033112582781
1350,6350,26,23,0,1,0.0
1351,6351,26,17,0,1,0.0
1352,6352,26,26,1,1,0.0013245033112582781
1353,6353,26,25,0,1,0.0
1354,6354,26,23,0,1,0.0
1355,6355,26,26,1,1,0.0013245033112582781
1356,6356,26,26,1,1,0.0013245033112582781
1357,6357,26,26,1,1,0.0013245033112582781
1358,6358,26,26,1,1,0.0013245033112582781
1359,6359,26,26,1,1,0.0013245033112582781
1360,6360,26,26,1,1,0.0013245033112582781
1361,6361,26,26,1,1,0.0013245033112582781
1362,6362,26,20,0,1,0.0
1363,6363,26,26,1,1,0.0013245033112582781
1364,6364,26,25,0,1,0.0
1365,6365,26,17,0,1,0.0
1366,6366,26,18,0,1,0.0
1367,6367,26,26,1,1,0.0013245033112582781
1368,6368,26,24,0,1,0.0
1369,6369,26,26,1,1,0.0013245033112582781
1370,6370,26,16,0,1,0.0
1371,6371,26,26,1,1,0.0013245033112582781
1372,6372,26,26,1,1,0.0013245033112582781
1373,6373,26,25,0,1,0.0
1374,6374,26,15,0,1,0.0
1375,6375,26,13,0,1,0.0
1376,6376,26,16,0,1,0.0
1377,6377,26,24,0,1,0.0
1378,6378,26,25,0,1,0.0
1379,6379,26,26,1,1,0.0013245033112582781
1380,6380,26,26,1,1,0.0013245033112582781
1381,6381,26,22,0,1,0.0
1382,6382,26,17,0,1,0.0
1383,6383,26,26,1,1,0.0013245033112582781
1384,6384,26,21,0,1,0.0
1385,6385,26,20,0,1,0.0
1386,6386,26,22,0,1,0.0
1387,6387,26,19,0,1,0.0
1388,6388,26,26,1,1,0.0013245033112582781
1389,6389,26,25,0,1,0.0
1390,6390,26,25,0,1,0.0
1391,6391,26,23,0,1,0.0
1392,6392,26,21,0,1,0.0
1393,6393,26,19,0,1,0.0
1394,6394,26,19,0,1,0.0
1395,6395,26,25,0,1,0.0
1396,6396,26,24,0,1,0.0
1397,6397,26,24,0,1,0.0
1398,6398,26,26,1,1,0.0013245033112582781
1399,6399,26,26,1,1,0.0013245033112582781
1400,6400,26,24,0,1,0.0
1401,6401,26,26,1,1,0.0013245033112582781
1402,6402,26,20,0,1,0.0
1403,6403,26,26,1,1,0.0013245033112582781
1404,6404,26,18,0,1,0.0
1405,6405,26,26,1,1,0.0013245033112582781
1406,6406,26,21,0,1,0.0
1407,6407,26,22,0,1,0.0
1408,6408,26,26,1,1,0.0013245033112582781
1409,6409,26,23,0,1,0.0
1410,6410,26,15,0,1,0.0
1411,6411,26,20,0,1,0.0
1412,6412,26,26,1,1,0.0013245033112582781
1413,6413,26,24,0,1,0.0
1414,6414,26,26,1,1,0.0013245033112582781
1415,6415,26,21,0,1,0.0
1416,6416,26,26,1,1,0.0013245033112582781
1417,6417,26,17,0,1,0.0
1418,6418,26,26,1,1,0.0013245033112582781
1419,6419,26,18,0,1,0.0
1420,6420,26,26,1,1,0.0013245033112582781
1421,6421,26,23,0,1,0.0
1422,6422,26,23,0,1,0.0
1423,6423,26,21,0,1,0.0
1424,6424,26,17,0,1,0.0
1425,6425,26,26,1,1,0.0013245033112582781
1426,6426,26,22,0,1,0.0
1427,6427,26,25,0,1,0.0
1428,6428,26,22,0,1,0.0
1429,6429,26,26,1,1,0.0013245033112582781
1430,6430,26,20,0,1,0.0
1431,6431,26,18,0,1,0.0
1432,6432,26,20,0,1,0.0
1433,6433,26,25,0,1,0.0
1434,6434,26,26,1,1,0.0013245033112582781
1435,6435,26,26,1,1,0.0013245033112582781
1436,6436,26,22,0,1,0.0
1437,6437,26,26,1,1,0.0013245033112582781
1438,6438,26,20,0,1,0.0
1439,6439,26,14,0,1,0.0
1440,6440,26,16,0,1,0.0
1441,6441,26,26,1,1,0.0013245033112582781
1442,6442,26,26,1,1,0.0013245033112582781
1443,6443,26,21,0,1,0.0
1444,6444,26,26,1,1,0.0013245033112582781
1445,6445,26,23,0,1,0.0
1446,6446,26,26,1,1,0.0013245033112582781
1447,6447,26,19,0,1,0.0
1448,6448,26,15,0,1,0.0
1449,6449,26,13,0,1,0.0
1450,6450,26,16,0,1,0.0
1451,6451,26,19,0,1,0.0
1452,6452,26,18,0,1,0.0
1453,6453,26,15,0,1,0.0
1454,6454,26,20,0,1,0.0
1455,6455,26,22,0,1,0.0
1456,6456,26,15,0,1,0.0
1457,6457,26,23,0,1,0.0
1458,6458,26,21,0,1,0.0
1459,6459,26,26,1,1,0.0013245033112582781
1460,6460,26,17,0,1,0.0
1461,6461,26,26,1,1,0.0013245033112582781
1462,6462,26,22,0,1,0.0
1463,6463,26,19,0,1,0.0
1464,6464,26,23,0,1,0.0
1465,6465,26,22,0,1,0.0
1466,6466,26,26,1,1,0.0013245033112582781
1467,6467,26,26,1,1,0.0013245033112582781
1468,6468,26,22,0,1,0.0
1469,6469,26,19,0,1,0.0
1470,6470,26,26,1,1,0.0013245033112582781
1471,6471,26,23,0,1,0.0
1472,6472,26,22,0,1,0.0
1473,6473,26,20,0,1,0.0
1474,6474,26,26,1,1,0.0013245033112582781
1475,6475,26,21,0,1,0.0
1476,6476,26,26,1,1,0.0013245033112582781
1477,6477,26,26,1,1,0.0013245033112582781
1478,6478,26,26,1,1,0.0013245033112582781
1479,6479,26,22,0,1,0.0
1480,6480,26,26,1,1,0.0013245033112582781
1481,6481,26,17,0,1,0.0
1482,6482,26,26,1,1,0.0013245033112582781
1483,6483,26,19,0,1,0.0
1484,6484,26,23,0,1,0.0
1485,6485,26,23,0,1,0.0
1486,6486,26,25,0,1,0.0
1487,6487,26,24,0,1,0.0
1488,6488,26,13,0,1,0.0
1489,6489,26,26,1,1,0.0013245033112582781
1490,6490,26,26,1,1,0.0013245033112582781
1491,6491,26,26,1,1,0.0013245033112582781
1492,6492,26,20,0,1,0.0
1493,6493,26,26,1,1,0.0013245033112582781
1494,6494,26,23,0,1,0.0
1495,6495,26,23,0,1,0.0
1496,6496,26,26,1,1,0.0013245033112582781
1497,6497,26,20,0,1,0.0
1498,6498,26,26,1,1,0.0013245033112582781
1499,6499,26,24,0,1,0.0
1500,6500,26,23,0,1,0.0
1501,6501,26,26,1,1,0.0013245033112582781
1502,6502,26,20,0,1,0.0
1503,6503,26,26,1,1,0.0013245033112582781
1504,6504,26,26,1,1,0.0013245033112582781
1505,6505,26,26,1,1,0.0013245033112582781
1506,6506,26,21,0,1,0.0
1507,6507,26,23,0,1,0.0
1508,6508,26,19,0,1,0.0
1509,6509,26,19,0,1,0.0
1510,6510,27,27,1,1,0.0013245033112582781
1511,6511,27,17,0,1,0.0
1512,6512,27,18,0,1,0.0
1513,6513,27,22,0,1,0.0
1514,6514,27,18,0,1,0.0
1515,6515,27,27,1,1,0.0013245033112582781
1516,6516,27,11,0,1,0.0
1517,6517,27,27,1,1,0.0013245033112582781
1518,6518,27,13,0,1,0.0
1519,6519,27,15,0,1,0.0
1520,6520,27,11,0,1,0.0
1521,6521,27,27,1,1,0.0013245033112582781
1522,6522,27,22,0,1,0.0
1523,6523,27,27,1,1,0.0013245033112582781
1524,6524,27,27,1,1,0.0013245033112582781
1525,6525,27,21,0,1,0.0
1526,6526,27,19,0,1,0.0
1527,6527,27,19,0,1,0.0
1528,6528,27,27,1,1,0.0013245033112582781
1529,6529,27,27,1,1,0.0013245033112582781
1530,6530,27,17,0,1,0.0
1531,6531,27,27,1,1,0.0013245033112582781
1532,6532,27,25,0,1,0.0
1533,6533,27,24,0,1,0.0
1534,6534,27,27,1,1,0.0013245033112582781
1535,6535,27,23,0,1,0.0
1536,6536,27,17,0,1,0.0
1537,6537,27,11,0,1,0.0
1538,6538,27,25,0,1,0.0
1539,6539,27,20,0,1,0.0
1540,6540,27,27,1,1,0.0013245033112582781
1541,6541,27,21,0,1,0.0
1542,6542,27,27,1,1,0.0013245033112582781
1543,6543,27,27,1,1,0.0013245033112582781
1544,6544,27,15,0,1,0.0
1545,6545,27,26,0,1,0.0
1546,6546,27,17,0,1,0.0
1547,6547,27,27,1,1,0.0013245033112582781
1548,6548,27,18,0,1,0.0
1549,6549,27,27,1,1,0.0013245033112582781
1550,6550,27,27,1,1,0.0013245033112582781
1551,6551,27,23,0,1,0.0
1552,6552,27,20,0,1,0.0
1553,6553,27,20,0,1,0.0
1554,6554,27,20,0,1,0.0
1555,6555,27,22,0,1,0.0
1556,6556,27,27,1,1,0.0013245033112582781
1557,6557,27,16,0,1,0.0
1558,6558,27,27,1,1,0.0013245033112582781
1559,6559,27,18,0,1,0.0
1560,6560,27,14,0,1,0.0
1561,6561,27,27,1,1,0.0013245033112582781
1562,6562,27,27,1,1,0.0013245033112582781
1563,6563,27,19,0,1,0.0
1564,6564,27,24,0,1,0.0
1565,6565,27,20,0,1,0.0
1566,6566,27,17,0,1,0.0
1567,6567,27,24,0,1,0.0
1568,6568,27,23,0,1,0.0
1569,6569,27,25,0,1,0.0
1570,6570,27,19,0,1,0.0
1571,6571,27,27,1,1,0.0013245033112582781
1572,6572,27,18,0,1,0.0
1573,6573,27,27,1,1,0.0013245033112582781
1574,6574,27,23,0,1,0.0
1575,6575,27,27,1,1,0.0013245033112582781
1576,6576,27,18,0,1,0.0
1577,6577,27,27,1,1,0.0013245033112582781
1578,6578,27,27,1,1,0.0013245033112582781
1579,6579,27,27,1,1,0.0013245033112582781
1580,6580,27,23,0,1,0.0
1581,6581,27,18,0,1,0.0
1582,6582,27,19,0,1,0.0
1583,6583,27,23,0,1,0.0
1584,6584,27,19,0,1,0.0
1585,6585,27,22,0,1,0.0
1586,6586,27,18,0,1,0.0
1587,6587,27,27,1,1,0.0013245033112582781
1588,6588,27,27,1,1,0.0013245033112582781
1589,6589,27,24,0,1,0.0
1590,6590,27,23,0,1,0.0
1591,6591,27,26,0,1,0.0
1592,6592,27,20,0,1,0.0
1593,6593,27,23,0,1,0.0
1594,6594,27,22,0,1,0.0
1595,6595,27,27,1,1,0.0013245033112582781
1596,6596,27,22,0,1,0.0
1597,6597,27,15,0,1,0.0
1598,6598,27,27,1,1,0.0013245033112582781
1599,6599,27,21,0,1,0.0
1600,6600,27,27,1,1,0.0013245033112582781
1601,6601,27,22,0,1,0.0
1602,6602,27,27,1,1,0.0013245033112582781
1603,6603,27,27,1,1,0.0013245033112582781
1604,6604,27,18,0,1,0.0
1605,6605,27,22,0,1,0.0
1606,6606,27,27,1,1,0.0013245033112582781
1607,6607,27,27,1,1,0.0013245033112582781
1608,6608,27,23,0,1,0.0
1609,6609,27,27,1,1,0.0013245033112582781
1610,6610,27,27,1,1,0.0013245033112582781
1611,6611,27,27,1,1,0.0013245033112582781
1612,6612,27,27,1,1,0.0013245033112582781
1613,6613,27,27,1,1,0.0013245033112582781
1614,6614,27,22,0,1,0.0
1615,6615,27,22,0,1,0.0
1616,6616,27,18,0,1,0.0
1617,6617,27,27,1,1,0.0013245033112582781
1618,6618,27,27,1,1,0.0013245033112582781
1619,6619,27,27,1,1,0.0013245033112582781
1620,6620,27,26,0,1,0.0
1621,6621,27,24,0,1,0.0
1622,6622,27,24,0,1,0.0
1623,6623,27,23,0,1,0.0
1624,6624,27,27,1,1,0.0013245033112582781
1625,6625,27,22,0,1,0.0
1626,6626,27,27,1,1,0.0013245033112582781
1627,6627,27,27,1,1,0.0013245033112582781
1628,6628,27,27,1,1,0.0013245033112582781
1629,6629,27,27,1,1,0.0013245033112582781
1630,6630,27,27,1,1,0.0013245033112582781
1631,6631,27,27,1,1,0.0013245033112582781
1632,6632,27,19,0,1,0.0
1633,6633,27,17,0,1,0.0
1634,6634,27,26,0,1,0.0
1635,6635,27,20,0,1,0.0
1636,6636,27,27,1,1,0.0013245033112582781
1637,6637,27,26,0,1,0.0
1638,6638,27,23,0,1,0.0
1639,6639,27,27,1,1,0.0013245033112582781
1640,6640,27,27,1,1,0.0013245033112582781
1641,6641,27,27,1,1,0.0013245033112582781
1642,6642,27,22,0,1,0.0
1643,6643,27,20,0,1,0.0
1644,6644,27,21,0,1,0.0
1645,6645,27,27,1,1,0.0013245033112582781
1646,6646,27,27,1,1,0.0013245033112582781
1647,6647,27,23,0,1,0.0
1648,6648,27,27,1,1,0.0013245033112582781
1649,6649,27,20,0,1,0.0
1650,6650,27,15,0,1,0.0
1651,6651,27,23,0,1,0.0
1652,6652,27,15,0,1,0.0
1653,6653,27,20,0,1,0.0
1654,6654,27,24,0,1,0.0
1655,6655,27,27,1,1,0.0013245033112582781
1656,6656,27,27,1,1,0.0013245033112582781
1657,6657,27,27,1,1,0.0013245033112582781
1658,6658,27,23,0,1,0.0
1659,6659,27,27,1,1,0.0013245033112582781
1660,6660,27,19,0,1,0.0
1661,6661,27,27,1,1,0.0013245033112582781
1662,6662,27,27,1,1,0.0013245033112582781
1663,6663,27,27,1,1,0.0013245033112582781
1664,6664,27,20,0,1,0.0
1665,6665,27,20,0,1,0.0
1666,6666,27,13,0,1,0.0
1667,6667,27,27,1,1,0.0013245033112582781
1668,6668,27,27,1,1,0.0013245033112582781
1669,6669,27,27,1,1,0.0013245033112582781
1670,6670,27,27,1,1,0.0013245033112582781
1671,6671,27,23,0,1,0.0
1672,6672,27,20,0,1,0.0
1673,6673,27,27,1,1,0.0013245033112582781
1674,6674,27,18,0,1,0.0
1675,6675,27,22,0,1,0.0
1676,6676,27,22,0,1,0.0
1677,6677,27,19,0,1,0.0
1678,6678,27,13,0,1,0.0
1679,6679,27,20,0,1,0.0
1680,6680,27,27,1,1,0.0013245033112582781
1681,6681,27,27,1,1,0.0013245033112582781
1682,6682,27,27,1,1,0.0013245033112582781
1683,6683,27,27,1,1,0.0013245033112582781
1684,6684,27,11,0,1,0.0
1685,6685,27,19,0,1,0.0
1686,6686,27,19,0,1,0.0
1687,6687,27,19,0,1,0.0
1688,6688,27,19,0,1,0.0
1689,6689,27,21,0,1,0.0
1690,6690,27,27,1,1,0.0013245033112582781
1691,6691,27,27,1,1,0.0013245033112582781
1692,6692,27,20,0,1,0.0
1693,6693,27,20,0,1,0.0
1694,6694,27,20,0,1,0.0
1695,6695,27,27,1,1,0.0013245033112582781
1696,6696,27,20,0,1,0.0
1697,6697,27,27,1,1,0.0013245033112582781
1698,6698,27,25,0,1,0.0
1699,6699,27,10,0,1,0.0
1700,6700,27,18,0,1,0.0
1701,6701,27,22,0,1,0.0
1702,6702,27,18,0,1,0.0
1703,6703,27,27,1,1,0.0013245033112582781
1704,6704,27,23,0,1,0.0
1705,6705,27,12,0,1,0.0
1706,6706,27,24,0,1,0.0
1707,6707,27,27,1,1,0.0013245033112582781
1708,6708,27,17,0,1,0.0
1709,6709,27,25,0,1,0.0
1710,6710,27,21,0,1,0.0
1711,6711,27,27,1,1,0.0013245033112582781
1712,6712,27,27,1,1,0.0013245033112582781
1713,6713,27,14,0,1,0.0
1714,6714,27,27,1,1,0.0013245033112582781
1715,6715,27,27,1,1,0.0013245033112582781
1716,6716,27,21,0,1,0.0
1717,6717,27,27,1,1,0.0013245033112582781
1718,6718,27,27,1,1,0.0013245033112582781
1719,6719,27,25,0,1,0.0
1720,6720,27,26,0,1,0.0
1721,6721,27,19,0,1,0.0
1722,6722,27,26,0,1,0.0
1723,6723,27,27,1,1,0.0013245033112582781
1724,6724,27,17,0,1,0.0
1725,6725,27,27,1,1,0.0013245033112582781
1726,6726,27,17,0,1,0.0
1727,6727,27,27,1,1,0.0013245033112582781
1728,6728,27,15,0,1,0.0
1729,6729,27,27,1,1,0.0013245033112582781
1730,6730,27,27,1,1,0.0013245033112582781
1731,6731,27,27,1,1,0.0013245033112582781
1732,6732,27,27,1,1,0.0013245033112582781
1733,6733,27,24,0,1,0.0
1734,6734,27,27,1,1,0.0013245033112582781
1735,6735,27,27,1,1,0.0013245033112582781
1736,6736,27,20,0,1,0.0
1737,6737,27,27,1,1,0.0013245033112582781
1738,6738,27,24,0,1,0.0
1739,6739,27,25,0,1,0.0
1740,6740,27,19,0,1,0.0
1741,6741,27,27,1,1,0.0013245033112582781
1742,6742,27,24,0,1,0.0
1743,6743,27,24,0,1,0.0
1744,6744,27,27,1,1,0.0013245033112582781
1745,6745,27,21,0,1,0.0
1746,6746,27,27,1,1,0.0013245033112582781
1747,6747,27,27,1,1,0.0013245033112582781
1748,6748,27,23,0,1,0.0
1749,6749,27,24,0,1,0.0
1750,6750,27,12,0,1,0.0
1751,6751,27,27,1,1,0.0013245033112582781
1752,6752,27,27,1,1,0.0013245033112582781
1753,6753,27,22,0,1,0.0
1754,6754,27,27,1,1,0.0013245033112582781
1755,6755,27,27,1,1,0.0013245033112582781
1756,6756,27,17,0,1,0.0
1757,6757,27,27,1,1,0.0013245033112582781
1758,6758,27,20,0,1,0.0
1759,6759,27,24,0,1,0.0
1760,6760,27,27,1,1,0.0013245033112582781
1761,6761,27,27,1,1,0.0013245033112582781
1762,6762,27,27,1,1,0.0013245033112582781
1763,6763,27,27,1,1,0.0013245033112582781
1764,6764,27,27,1,1,0.0013245033112582781
1765,6765,27,25,0,1,0.0
1766,6766,27,23,0,1,0.0
1767,6767,27,27,1,1,0.0013245033112582781
1768,6768,27,27,1,1,0.0013245033112582781
1769,6769,27,27,1,1,0.0013245033112582781
1770,6770,27,27,1,1,0.0013245033112582781
1771,6771,27,27,1,1,0.0013245033112582781
1772,6772,27,20,0,1,0.0
1773,6773,27,25,0,1,0.0
1774,6774,27,27,1,1,0.0013245033112582781
1775,6775,27,27,1,1,0.0013245033112582781
1776,6776,27,26,0,1,0.0
1777,6777,27,24,0,1,0.0
1778,6778,27,27,1,1,0.0013245033112582781
1779,6779,27,27,1,1,0.0013245033112582781
1780,6780,27,23,0,1,0.0
1781,6781,27,25,0,1,0.0
1782,6782,27,27,1,1,0.0013245033112582781
1783,6783,27,24,0,1,0.0
1784,6784,27,22,0,1,0.0
1785,6785,27,26,0,1,0.0
1786,6786,27,23,0,1,0.0
1787,6787,27,27,1,1,0.0013245033112582781
1788,6788,27,20,0,1,0.0
1789,6789,27,18,0,1,0.0
1790,6790,27,18,0,1,0.0
1791,6791,27,27,1,1,0.0013245033112582781
1792,6792,27,20,0,1,0.0
1793,6793,27,23,0,1,0.0
1794,6794,27,23,0,1,0.0
1795,6795,27,23,0,1,0.0
1796,6796,27,11,0,1,0.0
1797,6797,27,11,0,1,0.0
1798,6798,27,27,1,1,0.0013245033112582781
1799,6799,27,27,1,1,0.0013245033112582781
1800,6800,27,15,0,1,0.0
1801,6801,27,27,1,1,0.0013245033112582781
1802,6802,27,16,0,1,0.0
1803,6803,27,27,1,1,0.0013245033112582781
1804,6804,27,27,1,1,0.0013245033112582781
1805,6805,27,27,1,1,0.0013245033112582781
1806,6806,27,15,0,1,0.0
1807,6807,27,24,0,1,0.0
1808,6808,27,14,0,1,0.0
1809,6809,27,21,0,1,0.0
1810,6810,27,27,1,1,0.0013245033112582781
1811,6811,27,27,1,1,0.0013245033112582781
1812,6812,27,12,0,1,0.0
1813,6813,27,20,0,1,0.0
1814,6814,27,27,1,1,0.0013245033112582781
1815,6815,27,11,0,1,0.0
1816,6816,27,14,0,1,0.0
1817,6817,27,27,1,1,0.0013245033112582781
1818,6818,27,23,0,1,0.0
1819,6819,27,26,0,1,0.0
1820,6820,27,27,1,1,0.0013245033112582781
1821,6821,27,21,0,1,0.0
1822,6822,27,27,1,1,0.0013245033112582781
1823,6823,27,27,1,1,0.0013245033112582781
1824,6824,27,27,1,1,0.0013245033112582781
1825,6825,27,24,0,1,0.0
1826,6826,27,27,1,1,0.0013245033112582781
1827,6827,27,25,0,1,0.0
1828,6828,27,27,1,1,0.0013245033112582781
1829,6829,27,27,1,1,0.0013245033112582781
1830,6830,27,21,0,1,0.0
1831,6831,27,27,1,1,0.0013245033112582781
1832,6832,27,26,0,1,0.0
1833,6833,27,22,0,1,0.0
1834,6834,27,27,1,1,0.0013245033112582781
1835,6835,27,27,1,1,0.0013245033112582781
1836,6836,27,21,0,1,0.0
1837,6837,27,27,1,1,0.0013245033112582781
1838,6838,27,27,1,1,0.0013245033112582781
1839,6839,27,22,0,1,0.0
1840,6840,27,27,1,1,0.0013245033112582781
1841,6841,27,27,1,1,0.0013245033112582781
1842,6842,27,27,1,1,0.0013245033112582781
1843,6843,27,26,0,1,0.0
1844,6844,27,27,1,1,0.0013245033112582781
1845,6845,27,27,1,1,0.0013245033112582781
1846,6846,27,26,0,1,0.0
1847,6847,27,18,0,1,0.0
1848,6848,27,27,1,1,0.0013245033112582781
1849,6849,27,27,1,1,0.0013245033112582781
1850,6850,27,25,0,1,0.0
1851,6851,27,27,1,1,0.0013245033112582781
1852,6852,27,27,1,1,0.0013245033112582781
1853,6853,27,27,1,1,0.0013245033112582781
1854,6854,27,11,0,1,0.0
1855,6855,27,22,0,1,0.0
1856,6856,27,27,1,1,0.0013245033112582781
1857,6857,27,27,1,1,0.0013245033112582781
1858,6858,27,21,0,1,0.0
1859,6859,27,24,0,1,0.0
1860,6860,27,11,0,1,0.0
1861,6861,27,27,1,1,0.0013245033112582781
1862,6862,27,27,1,1,0.0013245033112582781
1863,6863,27,21,0,1,0.0
1864,6864,27,27,1,1,0.0013245033112582781
1865,6865,27,23,0,1,0.0
1866,6866,27,27,1,1,0.0013245033112582781
1867,6867,27,21,0,1,0.0
1868,6868,27,22,0,1,0.0
1869,6869,27,27,1,1,0.0013245033112582781
1870,6870,27,25,0,1,0.0
1871,6871,27,27,1,1,0.0013245033112582781
1872,6872,27,22,0,1,0.0
1873,6873,27,20,0,1,0.0
1874,6874,27,27,1,1,0.0013245033112582781
1875,6875,27,22,0,1,0.0
1876,6876,27,27,1,1,0.0013245033112582781
1877,6877,27,25,0,1,0.0
1878,6878,27,21,0,1,0.0
1879,6879,27,13,0,1,0.0
1880,6880,27,14,0,1,0.0
1881,6881,27,27,1,1,0.0013245033112582781
1882,6882,27,16,0,1,0.0
1883,6883,27,26,0,1,0.0
1884,6884,27,21,0,1,0.0
1885,6885,27,27,1,1,0.0013245033112582781
1886,6886,27,18,0,1,0.0
1887,6887,27,27,1,1,0.0013245033112582781
1888,6888,27,27,1,1,0.0013245033112582781
1889,6889,27,19,0,1,0.0
1890,6890,27,26,0,1,0.0
1891,6891,27,20,0,1,0.0
1892,6892,27,27,1,1,0.0013245033112582781
1893,6893,27,27,1,1,0.0013245033112582781
1894,6894,27,21,0,1,0.0
1895,6895,27,21,0,1,0.0
1896,6896,27,16,0,1,0.0
1897,6897,27,27,1,1,0.0013245033112582781
1898,6898,27,27,1,1,0.0013245033112582781
1899,6899,27,26,0,1,0.0
1900,6900,27,25,0,1,0.0
1901,6901,27,27,1,1,0.0013245033112582781
1902,6902,27,19,0,1,0.0
1903,6903,27,22,0,1,0.0
1904,6904,27,24,0,1,0.0
1905,6905,27,25,0,1,0.0
1906,6906,27,22,0,1,0.0
1907,6907,27,23,0,1,0.0
1908,6908,27,27,1,1,0.0013245033112582781
1909,6909,27,27,1,1,0.0013245033112582781
1910,6910,27,26,0,1,0.0
1911,6911,27,18,0,1,0.0
1912,6912,27,23,0,1,0.0
1913,6913,27,27,1,1,0.0013245033112582781
1914,6914,27,22,0,1,0.0
1915,6915,27,24,0,1,0.0
1916,6916,27,27,1,1,0.0013245033112582781
1917,6917,27,18,0,1,0.0
1918,6918,27,9,0,1,0.0
1919,6919,27,24,0,1,0.0
1920,6920,27,27,1,1,0.0013245033112582781
1921,6921,27,11,0,1,0.0
1922,6922,27,19,0,1,0.0
1923,6923,27,27,1,1,0.0013245033112582781
1924,6924,27,17,0,1,0.0
1925,6925,27,27,1,1,0.0013245033112582781
1926,6926,27,23,0,1,0.0
1927,6927,27,22,0,1,0.0
1928,6928,27,25,0,1,0.0
1929,6929,27,27,1,1,0.0013245033112582781
1930,6930,27,27,1,1,0.0013245033112582781
1931,6931,27,13,0,1,0.0
1932,6932,27,23,0,1,0.0
1933,6933,27,27,1,1,0.0013245033112582781
1934,6934,27,27,1,1,0.0013245033112582781
1935,6935,27,11,0,1,0.0
1936,6936,27,23,0,1,0.0
1937,6937,27,27,1,1,0.0013245033112582781
1938,6938,27,22,0,1,0.0
1939,6939,27,24,0,1,0.0
1940,6940,27,27,1,1,0.0013245033112582781
1941,6941,27,23,0,1,0.0
1942,6942,27,25,0,1,0.0
1943,6943,27,27,1,1,0.0013245033112582781
1944,6944,27,16,0,1,0.0
1945,6945,27,27,1,1,0.0013245033112582781
1946,6946,27,20,0,1,0.0
1947,6947,27,14,0,1,0.0
1948,6948,27,27,1,1,0.0013245033112582781
1949,6949,27,20,0,1,0.0
1950,6950,27,24,0,1,0.0
1951,6951,27,22,0,1,0.0
1952,6952,27,27,1,1,0.0013245033112582781
1953,6953,27,21,0,1,0.0
1954,6954,27,27,1,1,0.0013245033112582781
1955,6955,27,27,1,1,0.0013245033112582781
1956,6956,27,20,0,1,0.0
1957,6957,27,18,0,1,0.0
1958,6958,27,12,0,1,0.0
1959,6959,27,18,0,1,0.0
1960,6960,27,27,1,1,0.0013245033112582781
1961,6961,27,27,1,1,0.0013245033112582781
1962,6962,27,19,0,1,0.0
1963,6963,27,20,0,1,0.0
1964,6964,27,24,0,1,0.0
1965,6965,27,27,1,1,0.0013245033112582781
1966,6966,27,22,0,1,0.0
1967,6967,27,18,0,1,0.0
1968,6968,27,16,0,1,0.0
1969,6969,27,19,0,1,0.0
1970,6970,27,11,0,1,0.0
1971,6971,27,19,0,1,0.0
1972,6972,27,27,1,1,0.0013245033112582781
1973,6973,27,23,0,1,0.0
1974,6974,27,21,0,1,0.0
1975,6975,27,16,0,1,0.0
1976,6976,27,27,1,1,0.0013245033112582781
1977,6977,27,17,0,1,0.0
1978,6978,27,27,1,1,0.0013245033112582781
1979,6979,27,21,0,1,0.0
1980,6980,27,27,1,1,0.0013245033112582781
1981,6981,27,19,0,1,0.0
1982,6982,27,27,1,1,0.0013245033112582781
1983,6983,27,17,0,1,0.0
1984,6984,27,19,0,1,0.0
1985,6985,27,27,1,1,0.0013245033112582781
1986,6986,27,27,1,1,0.0013245033112582781
1987,6987,27,27,1,1,0.0013245033112582781
1988,6988,27,17,0,1,0.0
1989,6989,27,20,0,1,0.0
1990,6990,27,27,1,1,0.0013245033112582781
1991,6991,27,21,0,1,0.0
1992,6992,27,22,0,1,0.0
1993,6993,27,16,0,1,0.0
1994,6994,27,27,1,1,0.0013245033112582781
1995,6995,27,27,1,1,0.0013245033112582781
1996,6996,27,27,1,1,0.0013245033112582781
1997,6997,27,26,0,1,0.0
1998,6998,27,27,1,1,0.0013245033112582781
1999,6999,27,22,0,1,0.0
2000,7000,27,19,0,1,0.0
2001,7001,27,22,0,1,0.0
2002,7002,27,27,1,1,0.0013245033112582781
2003,7003,27,19,0,1,0.0
2004,7004,27,27,1,1,0.0013245033112582781
2005,7005,27,27,1,1,0.0013245033112582781
2006,7006,27,20,0,1,0.0
2007,7007,27,23,0,1,0.0
2008,7008,27,27,1,1,0.0013245033112582781
2009,7009,27,27,1,1,0.0013245033112582781
2010,7010,27,18,0,1,0.0
2011,7011,27,23,0,1,0.0
2012,7012,27,27,1,1,0.0013245033112582781
2013,7013,27,16,0,1,0.0
2014,7014,27,14,0,1,0.0
2015,7015,27,25,0,1,0.0
2016,7016,27,27,1,1,0.0013245033112582781
2017,7017,27,27,1,1,0.0013245033112582781
2018,7018,27,27,1,1,0.0013245033112582781
2019,7019,27,23,0,1,0.0
2020,7020,27,27,1,1,0.0013245033112582781
2021,7021,27,27,1,1,0.0013245033112582781
2022,7022,27,11,0,1,0.0
2023,7023,27,27,1,1,0.0013245033112582781
2024,7024,27,11,0,1,0.0
2025,7025,27,11,0,1,0.0
2026,7026,27,27,1,1,0.0013245033112582781
2027,7027,27,27,1,1,0.0013245033112582781
2028,7028,27,23,0,1,0.0
2029,7029,27,23,0,1,0.0
2030,7030,27,27,1,1,0.0013245033112582781
2031,7031,27,27,1,1,0.0013245033112582781
2032,7032,27,25,0,1,0.0
2033,7033,27,27,1,1,0.0013245033112582781
2034,7034,27,16,0,1,0.0
2035,7035,27,20,0,1,0.0
2036,7036,27,23,0,1,0.0
2037,7037,27,25,0,1,0.0
2038,7038,27,27,1,1,0.0013245033112582781
2039,7039,27,18,0,1,0.0
2040,7040,27,21,0,1,0.0
2041,7041,27,23,0,1,0.0
2042,7042,27,21,0,1,0.0
2043,7043,27,15,0,1,0.0
2044,7044,27,27,1,1,0.0013245033112582781
2045,7045,27,27,1,1,0.0013245033112582781
2046,7046,27,23,0,1,0.0
2047,7047,27,22,0,1,0.0
2048,7048,27,19,0,1,0.0
2049,7049,27,22,0,1,0.0
2050,7050,27,22,0,1,0.0
2051,7051,27,24,0,1,0.0
2052,7052,27,27,1,1,0.0013245033112582781
2053,7053,27,27,1,1,0.0013245033112582781
2054,7054,27,27,1,1,0.0013245033112582781
2055,7055,27,17,0,1,0.0
2056,7056,27,27,1,1,0.0013245033112582781
2057,7057,27,26,0,1,0.0
2058,7058,27,27,1,1,0.0013245033112582781
2059,7059,27,27,1,1,0.0013245033112582781
2060,7060,27,27,1,1,0.0013245033112582781
2061,7061,27,24,0,1,0.0
2062,7062,27,27,1,1,0.0013245033112582781
2063,7063,27,17,0,1,0.0
2064,7064,27,22,0,1,0.0
2065,7065,27,15,0,1,0.0
2066,7066,27,27,1,1,0.0013245033112582781
2067,7067,27,23,0,1,0.0
2068,7068,27,17,0,1,0.0
2069,7069,27,22,0,1,0.0
2070,7070,27,26,0,1,0.0
2071,7071,27,24,0,1,0.0
2072,7072,27,21,0,1,0.0
2073,7073,27,27,1,1,0.0013245033112582781
2074,7074,27,11,0,1,0.0
2075,7075,27,23,0,1,0.0
2076,7076,27,27,1,1,0.0013245033112582781
2077,7077,27,21,0,1,0.0
2078,7078,27,23,0,1,0.0
2079,7079,27,17,0,1,0.0
2080,7080,27,26,0,1,0.0
2081,7081,27,22,0,1,0.0
2082,7082,27,27,1,1,0.0013245033112582781
2083,7083,27,23,0,1,0.0
2084,7084,27,25,0,1,0.0
2085,7085,27,27,1,1,0.0013245033112582781
2086,7086,27,21,0,1,0.0
2087,7087,27,26,0,1,0.0
2088,7088,27,17,0,1,0.0
2089,7089,27,27,1,1,0.0013245033112582781
2090,7090,27,27,1,1,0.0013245033112582781
2091,7091,27,23,0,1,0.0
2092,7092,27,17,0,1,0.0
2093,7093,27,23,0,1,0.0
2094,7094,27,23,0,1,0.0
2095,7095,27,24,0,1,0.0
2096,7096,27,20,0,1,0.0
2097,7097,27,14,0,1,0.0
2098,7098,27,22,0,1,0.0
2099,7099,27,16,0,1,0.0
2100,7100,27,27,1,1,0.0013245033112582781
2101,7101,27,26,0,1,0.0
2102,7102,27,26,0,1,0.0
2103,7103,27,18,0,1,0.0
2104,7104,27,24,0,1,0.0
2105,7105,27,23,0,1,0.0
2106,7106,27,22,0,1,0.0
2107,7107,27,27,1,1,0.0013245033112582781
2108,7108,27,22,0,1,0.0
2109,7109,27,18,0,1,0.0
2110,7110,27,20,0,1,0.0
2111,7111,27,27,1,1,0.0013245033112582781
2112,7112,27,23,0,1,0.0
2113,7113,27,19,0,1,0.0
2114,7114,27,20,0,1,0.0
2115,7115,27,21,0,1,0.0
2116,7116,27,23,0,1,0.0
2117,7117,27,27,1,1,0.0013245033112582781
2118,7118,27,20,0,1,0.0
2119,7119,27,23,0,1,0.0
2120,7120,27,27,1,1,0.0013245033112582781
2121,7121,27,27,1,1,0.0013245033112582781
2122,7122,27,19,0,1,0.0
2123,7123,27,20,0,1,0.0
2124,7124,27,21,0,1,0.0
2125,7125,27,24,0,1,0.0
2126,7126,27,15,0,1,0.0
2127,7127,27,27,1,1,0.0013245033112582781
2128,7128,27,27,1,1,0.0013245033112582781
2129,7129,27,27,1,1,0.0013245033112582781
2130,7130,27,25,0,1,0.0
2131,7131,27,27,1,1,0.0013245033112582781
2132,7132,27,17,0,1,0.0
2133,7133,27,19,0,1,0.0
2134,7134,27,27,1,1,0.0013245033112582781
2135,7135,27,27,1,1,0.0013245033112582781
2136,7136,27,27,1,1,0.0013245033112582781
2137,7137,27,27,1,1,0.0013245033112582781
2138,7138,27,14,0,1,0.0
2139,7139,27,24,0,1,0.0
2140,7140,27,15,0,1,0.0
2141,7141,27,27,1,1,0.0013245033112582781
2142,7142,27,27,1,1,0.0013245033112582781
2143,7143,27,15,0,1,0.0
2144,7144,27,26,0,1,0.0
2145,7145,27,15,0,1,0.0
2146,7146,27,27,1,1,0.0013245033112582781
2147,7147,27,25,0,1,0.0
2148,7148,27,23,0,1,0.0
2149,7149,27,24,0,1,0.0
2150,7150,27,27,1,1,0.0013245033112582781
2151,7151,27,27,1,1,0.0013245033112582781
2152,7152,27,26,0,1,0.0
2153,7153,27,26,0,1,0.0
2154,7154,27,27,1,1,0.0013245033112582781
2155,7155,27,22,0,1,0.0
2156,7156,27,20,0,1,0.0
2157,7157,27,27,1,1,0.0013245033112582781
2158,7158,27,27,1,1,0.0013245033112582781
2159,7159,27,20,0,1,0.0
2160,7160,27,27,1,1,0.0013245033112582781
2161,7161,27,13,0,1,0.0
2162,7162,27,21,0,1,0.0
2163,7163,27,27,1,1,0.0013245033112582781
2164,7164,27,11,0,1,0.0
2165,7165,27,27,1,1,0.0013245033112582781
2166,7166,27,20,0,1,0.0
2167,7167,27,20,0,1,0.0
2168,7168,27,26,0,1,0.0
2169,7169,27,26,0,1,0.0
2170,7170,27,26,0,1,0.0
2171,7171,27,27,1,1,0.0013245033112582781
2172,7172,27,19,0,1,0.0
2173,7173,27,27,1,1,0.0013245033112582781
2174,7174,27,27,1,1,0.0013245033112582781
2175,7175,27,27,1,1,0.0013245033112582781
2176,7176,27,27,1,1,0.0013245033112582781
2177,7177,27,27,1,1,0.0013245033112582781
2178,7178,27,27,1,1,0.0013245033112582781
2179,7179,27,27,1,1,0.0013245033112582781
2180,7180,27,27,1,1,0.0013245033112582781
2181,7181,27,24,0,1,0.0
2182,7182,27,27,1,1,0.0013245033112582781
2183,7183,27,26,0,1,0.0
2184,7184,27,22,0,1,0.0
2185,7185,27,27,1,1,0.0013245033112582781
2186,7186,27,27,1,1,0.0013245033112582781
2187,7187,27,24,0,1,0.0
2188,7188,27,20,0,1,0.0
2189,7189,27,16,0,1,0.0
2190,7190,27,27,1,1,0.0013245033112582781
2191,7191,27,22,0,1,0.0
2192,7192,27,22,0,1,0.0
2193,7193,27,27,1,1,0.0013245033112582781
2194,7194,27,19,0,1,0.0
2195,7195,27,27,1,1,0.0013245033112582781
2196,7196,27,15,0,1,0.0
2197,7197,27,25,0,1,0.0
2198,7198,27,18,0,1,0.0
2199,7199,27,27,1,1,0.0013245033112582781
2200,7200,27,27,1,1,0.0013245033112582781
2201,7201,27,27,1,1,0.0013245033112582781
2202,7202,27,17,0,1,0.0
2203,7203,27,23,0,1,0.0
2204,7204,27,22,0,1,0.0
2205,7205,27,27,1,1,0.0013245033112582781
2206,7206,27,27,1,1,0.0013245033112582781
2207,7207,27,25,0,1,0.0
2208,7208,27,27,1,1,0.0013245033112582781
2209,7209,27,18,0,1,0.0
2210,7210,27,15,0,1,0.0
2211,7211,27,18,0,1,0.0
2212,7212,27,27,1,1,0.0013245033112582781
2213,7213,27,27,1,1,0.0013245033112582781
2214,7214,27,27,1,1,0.0013245033112582781
2215,7215,27,23,0,1,0.0
2216,7216,27,27,1,1,0.0013245033112582781
2217,7217,27,27,1,1,0.0013245033112582781
2218,7218,27,27,1,1,0.0013245033112582781
2219,7219,27,27,1,1,0.0013245033112582781
2220,7220,27,21,0,1,0.0
2221,7221,27,11,0,1,0.0
2222,7222,27,27,1,1,0.0013245033112582781
2223,7223,27,24,0,1,0.0
2224,7224,27,27,1,1,0.0013245033112582781
2225,7225,27,27,1,1,0.0013245033112582781
2226,7226,27,19,0,1,0.0
2227,7227,27,27,1,1,0.0013245033112582781
2228,7228,27,27,1,1,0.0013245033112582781
2229,7229,27,24,0,1,0.0
2230,7230,27,14,0,1,0.0
2231,7231,27,17,0,1,0.0
2232,7232,27,24,0,1,0.0
2233,7233,27,21,0,1,0.0
2234,7234,27,27,1,1,0.0013245033112582781
2235,7235,27,13,0,1,0.0
2236,7236,27,26,0,1,0.0
2237,7237,27,26,0,1,0.0
2238,7238,27,27,1,1,0.0013245033112582781
2239,7239,27,27,1,1,0.0013245033112582781
2240,7240,27,25,0,1,0.0
2241,7241,27,21,0,1,0.0
2242,7242,27,27,1,1,0.0013245033112582781
2243,7243,27,25,0,1,0.0
2244,7244,27,16,0,1,0.0
2245,7245,27,27,1,1,0.0013245033112582781
2246,7246,27,18,0,1,0.0
2247,7247,27,25,0,1,0.0
2248,7248,27,10,0,1,0.0
2249,7249,27,16,0,1,0.0
2250,7250,27,19,0,1,0.0
2251,7251,27,27,1,1,0.0013245033112582781
2252,7252,27,23,0,1,0.0
2253,7253,27,27,1,1,0.0013245033112582781
2254,7254,27,17,0,1,0.0
2255,7255,27,13,0,1,0.0
2256,7256,27,27,1,1,0.0013245033112582781
2257,7257,27,27,1,1,0.0013245033112582781
2258,7258,27,27,1,1,0.0013245033112582781
2259,7259,27,27,1,1,0.0013245033112582781
2260,7260,27,23,0,1,0.0
2261,7261,27,25,0,1,0.0
2262,7262,27,20,0,1,0.0
2263,7263,27,24,0,1,0.0
2264,7264,27,27,1,1,0.0013245033112582781
2265,7265,29,25,0,1,0.0
2266,7266,29,13,0,1,0.0
2267,7267,29,26,0,1,0.0
2268,7268,29,26,0,1,0.0
2269,7269,29,29,1,1,0.0013245033112582781
2270,7270,29,24,0,1,0.0
2271,7271,29,23,0,1,0.0
2272,7272,29,17,0,1,0.0
2273,7273,29,29,1,1,0.0013245033112582781
2274,7274,29,24,0,1,0.0
2275,7275,29,25,0,1,0.0
2276,7276,29,25,0,1,0.0
2277,7277,29,12,0,1,0.0
2278,7278,29,22,0,1,0.0
2279,7279,29,22,0,1,0.0
2280,7280,29,24,0,1,0.0
2281,7281,29,29,1,1,0.0013245033112582781
2282,7282,29,22,0,1,0.0
2283,7283,29,29,1,1,0.0013245033112582781
2284,7284,29,27,0,1,0.0
2285,7285,29,29,1,1,0.0013245033112582781
2286,7286,29,27,0,1,0.0
2287,7287,29,27,0,1,0.0
2288,7288,29,29,1,1,0.0013245033112582781
2289,7289,29,12,0,1,0.0
2290,7290,29,13,0,1,0.0
2291,7291,29,28,0,1,0.0
2292,7292,29,29,1,1,0.0013245033112582781
2293,7293,29,23,0,1,0.0
2294,7294,29,25,0,1,0.0
2295,7295,29,29,1,1,0.0013245033112582781
2296,7296,29,19,0,1,0.0
2297,7297,29,25,0,1,0.0
2298,7298,29,21,0,1,0.0
2299,7299,29,28,0,1,0.0
2300,7300,29,12,0,1,0.0
2301,7301,29,20,0,1,0.0
2302,7302,29,29,1,1,0.0013245033112582781
2303,7303,29,29,1,1,0.0013245033112582781
2304,7304,29,15,0,1,0.0
2305,7305,29,29,1,1,0.0013245033112582781
2306,7306,29,27,0,1,0.0
2307,7307,29,24,0,1,0.0
2308,7308,29,29,1,1,0.0013245033112582781
2309,7309,29,25,0,1,0.0
2310,7310,29,29,1,1,0.0013245033112582781
2311,7311,29,29,1,1,0.0013245033112582781
2312,7312,29,27,0,1,0.0
2313,7313,29,29,1,1,0.0013245033112582781
2314,7314,29,29,1,1,0.0013245033112582781
2315,7315,29,22,0,1,0.0
2316,7316,29,24,0,1,0.0
2317,7317,29,29,1,1,0.0013245033112582781
2318,7318,29,29,1,1,0.0013245033112582781
2319,7319,29,25,0,1,0.0
2320,7320,29,29,1,1,0.0013245033112582781
2321,7321,29,25,0,1,0.0
2322,7322,29,19,0,1,0.0
2323,7323,29,16,0,1,0.0
2324,7324,29,25,0,1,0.0
2325,7325,29,29,1,1,0.0013245033112582781
2326,7326,29,18,0,1,0.0
2327,7327,29,28,0,1,0.0
2328,7328,29,20,0,1,0.0
2329,7329,29,29,1,1,0.0013245033112582781
2330,7330,29,17,0,1,0.0
2331,7331,29,24,0,1,0.0
2332,7332,29,19,0,1,0.0
2333,7333,29,15,0,1,0.0
2334,7334,29,29,1,1,0.0013245033112582781
2335,7335,29,23,0,1,0.0
2336,7336,29,29,1,1,0.0013245033112582781
2337,7337,29,29,1,1,0.0013245033112582781
2338,7338,29,14,0,1,0.0
2339,7339,29,28,0,1,0.0
2340,7340,29,12,0,1,0.0
2341,7341,29,29,1,1,0.0013245033112582781
2342,7342,29,24,0,1,0.0
2343,7343,29,29,1,1,0.0013245033112582781
2344,7344,29,19,0,1,0.0
2345,7345,29,29,1,1,0.0013245033112582781
2346,7346,29,12,0,1,0.0
2347,7347,29,29,1,1,0.0013245033112582781
2348,7348,29,29,1,1,0.0013245033112582781
2349,7349,29,29,1,1,0.0013245033112582781
2350,7350,29,25,0,1,0.0
2351,7351,29,18,0,1,0.0
2352,7352,29,29,1,1,0.0013245033112582781
2353,7353,29,24,0,1,0.0
2354,7354,29,20,0,1,0.0
2355,7355,29,12,0,1,0.0
2356,7356,29,29,1,1,0.0013245033112582781
2357,7357,29,27,0,1,0.0
2358,7358,29,29,1,1,0.0013245033112582781
2359,7359,29,29,1,1,0.0013245033112582781
2360,7360,29,28,0,1,0.0
2361,7361,29,22,0,1,0.0
2362,7362,29,15,0,1,0.0
2363,7363,29,29,1,1,0.0013245033112582781
2364,7364,29,20,0,1,0.0
2365,7365,29,21,0,1,0.0
2366,7366,29,29,1,1,0.0013245033112582781
2367,7367,29,29,1,1,0.0013245033112582781
2368,7368,29,12,0,1,0.0
2369,7369,29,29,1,1,0.0013245033112582781
2370,7370,29,29,1,1,0.0013245033112582781
2371,7371,29,29,1,1,0.0013245033112582781
2372,7372,29,22,0,1,0.0
2373,7373,29,23,0,1,0.0
2374,7374,29,27,0,1,0.0
2375,7375,29,12,0,1,0.0
2376,7376,29,21,0,1,0.0
2377,7377,29,29,1,1,0.0013245033112582781
2378,7378,29,22,0,1,0.0
2379,7379,29,26,0,1,0.0
2380,7380,29,21,0,1,0.0
2381,7381,29,29,1,1,0.0013245033112582781
2382,7382,29,29,1,1,0.0013245033112582781
2383,7383,29,12,0,1,0.0
2384,7384,29,12,0,1,0.0
2385,7385,29,27,0,1,0.0
2386,7386,29,16,0,1,0.0
2387,7387,29,27,0,1,0.0
2388,7388,29,29,1,1,0.0013245033112582781
2389,7389,29,29,1,1,0.0013245033112582781
2390,7390,29,29,1,1,0.0013245033112582781
2391,7391,29,25,0,1,0.0
2392,7392,29,29,1,1,0.0013245033112582781
2393,7393,29,18,0,1,0.0
2394,7394,29,29,1,1,0.0013245033112582781
2395,7395,29,29,1,1,0.0013245033112582781
2396,7396,29,28,0,1,0.0
2397,7397,29,27,0,1,0.0
2398,7398,29,28,0,1,0.0
2399,7399,29,24,0,1,0.0
2400,7400,29,19,0,1,0.0
2401,7401,29,17,0,1,0.0
2402,7402,29,26,0,1,0.0
2403,7403,29,29,1,1,0.0013245033112582781
2404,7404,29,29,1,1,0.0013245033112582781
2405,7405,29,20,0,1,0.0
2406,7406,29,29,1,1,0.0013245033112582781
2407,7407,29,29,1,1,0.0013245033112582781
2408,7408,29,23,0,1,0.0
2409,7409,29,29,1,1,0.0013245033112582781
2410,7410,29,29,1,1,0.0013245033112582781
2411,7411,29,29,1,1,0.0013245033112582781
2412,7412,29,19,0,1,0.0
2413,7413,29,19,0,1,0.0
2414,7414,29,26,0,1,0.0
2415,7415,29,22,0,1,0.0
2416,7416,29,26,0,1,0.0
2417,7417,29,29,1,1,0.0013245033112582781
2418,7418,29,29,1,1,0.0013245033112582781
2419,7419,29,23,0,1,0.0
2420,7420,29,26,0,1,0.0
2421,7421,29,14,0,1,0.0
2422,7422,29,29,1,1,0.0013245033112582781
2423,7423,29,21,0,1,0.0
2424,7424,29,12,0,1,0.0
2425,7425,29,21,0,1,0.0
2426,7426,29,22,0,1,0.0
2427,7427,29,17,0,1,0.0
2428,7428,29,24,0,1,0.0
2429,7429,29,29,1,1,0.0013245033112582781
2430,7430,29,29,1,1,0.0013245033112582781
2431,7431,29,16,0,1,0.0
2432,7432,29,12,0,1,0.0
2433,7433,29,21,0,1,0.0
2434,7434,29,19,0,1,0.0
2435,7435,29,29,1,1,0.0013245033112582781
2436,7436,29,29,1,1,0.0013245033112582781
2437,7437,29,27,0,1,0.0
2438,7438,29,24,0,1,0.0
2439,7439,29,23,0,1,0.0
2440,7440,29,22,0,1,0.0
2441,7441,29,27,0,1,0.0
2442,7442,29,19,0,1,0.0
2443,7443,29,21,0,1,0.0
2444,7444,29,21,0,1,0.0
2445,7445,29,24,0,1,0.0
2446,7446,29,19,0,1,0.0
2447,7447,29,29,1,1,0.0013245033112582781
2448,7448,29,29,1,1,0.0013245033112582781
2449,7449,29,28,0,1,0.0
2450,7450,29,17,0,1,0.0
2451,7451,29,26,0,1,0.0
2452,7452,29,29,1,1,0.0013245033112582781
2453,7453,29,23,0,1,0.0
2454,7454,29,25,0,1,0.0
2455,7455,29,29,1,1,0.0013245033112582781
2456,7456,29,29,1,1,0.0013245033112582781
2457,7457,29,29,1,1,0.0013245033112582781
2458,7458,29,27,0,1,0.0
2459,7459,29,24,0,1,0.0
2460,7460,29,18,0,1,0.0
2461,7461,29,23,0,1,0.0
2462,7462,29,25,0,1,0.0
2463,7463,29,20,0,1,0.0
2464,7464,29,22,0,1,0.0
2465,7465,29,25,0,1,0.0
2466,7466,29,29,1,1,0.0013245033112582781
2467,7467,29,29,1,1,0.0013245033112582781
2468,7468,29,29,1,1,0.0013245033112582781
2469,7469,29,29,1,1,0.0013245033112582781
2470,7470,29,20,0,1,0.0
2471,7471,29,27,0,1,0.0
2472,7472,29,23,0,1,0.0
2473,7473,29,29,1,1,0.0013245033112582781
2474,7474,29,28,0,1,0.0
2475,7475,29,29,1,1,0.0013245033112582781
2476,7476,29,26,0,1,0.0
2477,7477,29,18,0,1,0.0
2478,7478,29,25,0,1,0.0
2479,7479,29,20,0,1,0.0
2480,7480,29,12,0,1,0.0
2481,7481,29,18,0,1,0.0
2482,7482,29,29,1,1,0.0013245033112582781
2483,7483,29,29,1,1,0.0013245033112582781
2484,7484,29,28,0,1,0.0
2485,7485,29,16,0,1,0.0
2486,7486,29,26,0,1,0.0
2487,7487,29,23,0,1,0.0
2488,7488,29,17,0,1,0.0
2489,7489,29,23,0,1,0.0
2490,7490,29,29,1,1,0.0013245033112582781
2491,7491,29,29,1,1,0.0013245033112582781
2492,7492,29,24,0,1,0.0
2493,7493,29,21,0,1,0.0
2494,7494,29,24,0,1,0.0
2495,7495,29,29,1,1,0.0013245033112582781
2496,7496,29,20,0,1,0.0
2497,7497,29,16,0,1,0.0
2498,7498,29,26,0,1,0.0
2499,7499,29,24,0,1,0.0
2500,7500,29,11,0,1,0.0
2501,7501,29,29,1,1,0.0013245033112582781
2502,7502,29,27,0,1,0.0
2503,7503,29,17,0,1,0.0
2504,7504,29,17,0,1,0.0
2505,7505,29,12,0,1,0.0
2506,7506,29,29,1,1,0.0013245033112582781
2507,7507,29,22,0,1,0.0
2508,7508,29,26,0,1,0.0
2509,7509,29,24,0,1,0.0
2510,7510,29,25,0,1,0.0
2511,7511,29,21,0,1,0.0
2512,7512,29,29,1,1,0.0013245033112582781
2513,7513,29,29,1,1,0.0013245033112582781
2514,7514,29,29,1,1,0.0013245033112582781
2515,7515,29,29,1,1,0.0013245033112582781
2516,7516,29,23,0,1,0.0
2517,7517,29,29,1,1,0.0013245033112582781
2518,7518,29,25,0,1,0.0
2519,7519,29,16,0,1,0.0
2520,7520,29,19,0,1,0.0
2521,7521,29,29,1,1,0.0013245033112582781
2522,7522,29,25,0,1,0.0
2523,7523,29,23,0,1,0.0
2524,7524,29,22,0,1,0.0
2525,7525,29,29,1,1,0.0013245033112582781
2526,7526,29,29,1,1,0.0013245033112582781
2527,7527,29,27,0,1,0.0
2528,7528,29,29,1,1,0.0013245033112582781
2529,7529,29,26,0,1,0.0
2530,7530,29,19,0,1,0.0
2531,7531,29,29,1,1,0.0013245033112582781
2532,7532,29,29,1,1,0.0013245033112582781
2533,7533,29,29,1,1,0.0013245033112582781
2534,7534,29,21,0,1,0.0
2535,7535,29,25,0,1,0.0
2536,7536,29,29,1,1,0.0013245033112582781
2537,7537,29,22,0,1,0.0
2538,7538,29,23,0,1,0.0
2539,7539,29,27,0,1,0.0
2540,7540,29,25,0,1,0.0
2541,7541,29,18,0,1,0.0
2542,7542,29,26,0,1,0.0
2543,7543,29,28,0,1,0.0
2544,7544,29,14,0,1,0.0
2545,7545,29,28,0,1,0.0
2546,7546,29,26,0,1,0.0
2547,7547,29,26,0,1,0.0
2548,7548,29,29,1,1,0.0013245033112582781
2549,7549,29,25,0,1,0.0
2550,7550,29,23,0,1,0.0
2551,7551,29,29,1,1,0.0013245033112582781
2552,7552,29,19,0,1,0.0
2553,7553,29,21,0,1,0.0
2554,7554,29,23,0,1,0.0
2555,7555,29,29,1,1,0.0013245033112582781
2556,7556,29,25,0,1,0.0
2557,7557,29,16,0,1,0.0
2558,7558,29,22,0,1,0.0
2559,7559,29,20,0,1,0.0
2560,7560,29,24,0,1,0.0
2561,7561,29,29,1,1,0.0013245033112582781
2562,7562,29,11,0,1,0.0
2563,7563,29,27,0,1,0.0
2564,7564,29,29,1,1,0.0013245033112582781
2565,7565,29,29,1,1,0.0013245033112582781
2566,7566,29,12,0,1,0.0
2567,7567,29,19,0,1,0.0
2568,7568,29,12,0,1,0.0
2569,7569,29,29,1,1,0.0013245033112582781
2570,7570,29,29,1,1,0.0013245033112582781
2571,7571,29,29,1,1,0.0013245033112582781
2572,7572,29,29,1,1,0.0013245033112582781
2573,7573,29,21,0,1,0.0
2574,7574,29,29,1,1,0.0013245033112582781
2575,7575,29,24,0,1,0.0
2576,7576,29,29,1,1,0.0013245033112582781
2577,7577,29,26,0,1,0.0
2578,7578,29,29,1,1,0.0013245033112582781
2579,7579,29,29,1,1,0.0013245033112582781
2580,7580,29,29,1,1,0.0013245033112582781
2581,7581,29,22,0,1,0.0
2582,7582,29,22,0,1,0.0
2583,7583,29,29,1,1,0.0013245033112582781
2584,7584,29,29,1,1,0.0013245033112582781
2585,7585,29,25,0,1,0.0
2586,7586,29,22,0,1,0.0
2587,7587,29,29,1,1,0.0013245033112582781
2588,7588,29,20,0,1,0.0
2589,7589,29,22,0,1,0.0
2590,7590,29,28,0,1,0.0
2591,7591,29,29,1,1,0.0013245033112582781
2592,7592,29,17,0,1,0.0
2593,7593,29,29,1,1,0.0013245033112582781
2594,7594,29,22,0,1,0.0
2595,7595,29,17,0,1,0.0
2596,7596,29,24,0,1,0.0
2597,7597,29,23,0,1,0.0
2598,7598,29,28,0,1,0.0
2599,7599,29,29,1,1,0.0013245033112582781
2600,7600,29,12,0,1,0.0
2601,7601,29,18,0,1,0.0
2602,7602,29,25,0,1,0.0
2603,7603,29,29,1,1,0.0013245033112582781
2604,7604,29,26,0,1,0.0
2605,7605,29,16,0,1,0.0
2606,7606,29,29,1,1,0.0013245033112582781
2607,7607,29,18,0,1,0.0
2608,7608,29,29,1,1,0.0013245033112582781
2609,7609,29,22,0,1,0.0
2610,7610,29,27,0,1,0.0
2611,7611,29,22,0,1,0.0
2612,7612,29,29,1,1,0.0013245033112582781
2613,7613,29,27,0,1,0.0
2614,7614,29,29,1,1,0.0013245033112582781
2615,7615,29,12,0,1,0.0
2616,7616,29,29,1,1,0.0013245033112582781
2617,7617,29,24,0,1,0.0
2618,7618,29,27,0,1,0.0
2619,7619,29,24,0,1,0.0
2620,7620,29,29,1,1,0.0013245033112582781
2621,7621,29,16,0,1,0.0
2622,7622,29,29,1,1,0.0013245033112582781
2623,7623,29,26,0,1,0.0
2624,7624,29,16,0,1,0.0
2625,7625,29,21,0,1,0.0
2626,7626,29,29,1,1,0.0013245033112582781
2627,7627,29,23,0,1,0.0
2628,7628,29,29,1,1,0.0013245033112582781
2629,7629,29,29,1,1,0.0013245033112582781
2630,7630,29,29,1,1,0.0013245033112582781
2631,7631,29,12,0,1,0.0
2632,7632,29,24,0,1,0.0
2633,7633,29,15,0,1,0.0
2634,7634,29,24,0,1,0.0
2635,7635,29,26,0,1,0.0
2636,7636,29,21,0,1,0.0
2637,7637,29,19,0,1,0.0
2638,7638,29,23,0,1,0.0
2639,7639,29,23,0,1,0.0
2640,7640,29,20,0,1,0.0
2641,7641,29,15,0,1,0.0
2642,7642,29,21,0,1,0.0
2643,7643,29,29,1,1,0.0013245033112582781
2644,7644,29,21,0,1,0.0
2645,7645,29,29,1,1,0.0013245033112582781
2646,7646,29,29,1,1,0.0013245033112582781
2647,7647,29,23,0,1,0.0
2648,7648,29,29,1,1,0.0013245033112582781
2649,7649,29,29,1,1,0.0013245033112582781
2650,7650,29,24,0,1,0.0
2651,7651,29,28,0,1,0.0
2652,7652,29,29,1,1,0.0013245033112582781
2653,7653,29,29,1,1,0.0013245033112582781
2654,7654,29,29,1,1,0.0013245033112582781
2655,7655,29,21,0,1,0.0
2656,7656,29,29,1,1,0.0013245033112582781
2657,7657,29,29,1,1,0.0013245033112582781
2658,7658,29,12,0,1,0.0
2659,7659,29,16,0,1,0.0
2660,7660,29,26,0,1,0.0
2661,7661,29,29,1,1,0.0013245033112582781
2662,7662,29,29,1,1,0.0013245033112582781
2663,7663,29,29,1,1,0.0013245033112582781
2664,7664,29,29,1,1,0.0013245033112582781
2665,7665,29,29,1,1,0.0013245033112582781
2666,7666,29,12,0,1,0.0
2667,7667,29,22,0,1,0.0
2668,7668,29,29,1,1,0.0013245033112582781
2669,7669,29,29,1,1,0.0013245033112582781
2670,7670,29,17,0,1,0.0
2671,7671,29,29,1,1,0.0013245033112582781
2672,7672,29,29,1,1,0.0013245033112582781
2673,7673,29,23,0,1,0.0
2674,7674,29,29,1,1,0.0013245033112582781
2675,7675,29,23,0,1,0.0
2676,7676,29,21,0,1,0.0
2677,7677,29,28,0,1,0.0
2678,7678,29,21,0,1,0.0
2679,7679,29,29,1,1,0.0013245033112582781
2680,7680,29,19,0,1,0.0
2681,7681,29,24,0,1,0.0
2682,7682,29,29,1,1,0.0013245033112582781
2683,7683,29,12,0,1,0.0
2684,7684,29,22,0,1,0.0
2685,7685,29,29,1,1,0.0013245033112582781
2686,7686,29,29,1,1,0.0013245033112582781
2687,7687,29,23,0,1,0.0
2688,7688,29,29,1,1,0.0013245033112582781
2689,7689,29,27,0,1,0.0
2690,7690,29,28,0,1,0.0
2691,7691,29,29,1,1,0.0013245033112582781
2692,7692,29,29,1,1,0.0013245033112582781
2693,7693,29,29,1,1,0.0013245033112582781
2694,7694,29,29,1,1,0.0013245033112582781
2695,7695,29,23,0,1,0.0
2696,7696,29,25,0,1,0.0
2697,7697,29,29,1,1,0.0013245033112582781
2698,7698,29,26,0,1,0.0
2699,7699,29,23,0,1,0.0
2700,7700,29,29,1,1,0.0013245033112582781
2701,7701,29,29,1,1,0.0013245033112582781
2702,7702,29,29,1,1,0.0013245033112582781
2703,7703,29,12,0,1,0.0
2704,7704,29,29,1,1,0.0013245033112582781
2705,7705,29,29,1,1,0.0013245033112582781
2706,7706,29,23,0,1,0.0
2707,7707,29,26,0,1,0.0
2708,7708,29,25,0,1,0.0
2709,7709,29,20,0,1,0.0
2710,7710,29,29,1,1,0.0013245033112582781
2711,7711,29,18,0,1,0.0
2712,7712,29,25,0,1,0.0
2713,7713,29,24,0,1,0.0
2714,7714,29,29,1,1,0.0013245033112582781
2715,7715,29,29,1,1,0.0013245033112582781
2716,7716,29,29,1,1,0.0013245033112582781
2717,7717,29,27,0,1,0.0
2718,7718,29,20,0,1,0.0
2719,7719,29,21,0,1,0.0
2720,7720,29,29,1,1,0.0013245033112582781
2721,7721,29,29,1,1,0.0013245033112582781
2722,7722,29,25,0,1,0.0
2723,7723,29,17,0,1,0.0
2724,7724,29,29,1,1,0.0013245033112582781
2725,7725,29,27,0,1,0.0
2726,7726,29,29,1,1,0.0013245033112582781
2727,7727,29,29,1,1,0.0013245033112582781
2728,7728,29,29,1,1,0.0013245033112582781
2729,7729,29,20,0,1,0.0
2730,7730,29,25,0,1,0.0
2731,7731,29,21,0,1,0.0
2732,7732,29,29,1,1,0.0013245033112582781
2733,7733,29,29,1,1,0.0013245033112582781
2734,7734,29,25,0,1,0.0
2735,7735,29,24,0,1,0.0
2736,7736,29,25,0,1,0.0
2737,7737,29,29,1,1,0.0013245033112582781
2738,7738,29,29,1,1,0.0013245033112582781
2739,7739,29,17,0,1,0.0
2740,7740,29,29,1,1,0.0013245033112582781
2741,7741,29,29,1,1,0.0013245033112582781
2742,7742,29,24,0,1,0.0
2743,7743,29,29,1,1,0.0013245033112582781
2744,7744,29,22,0,1,0.0
2745,7745,29,26,0,1,0.0
2746,7746,29,22,0,1,0.0
2747,7747,29,16,0,1,0.0
2748,7748,29,25,0,1,0.0
2749,7749,29,29,1,1,0.0013245033112582781
2750,7750,29,29,1,1,0.0013245033112582781
2751,7751,29,29,1,1,0.0013245033112582781
2752,7752,29,29,1,1,0.0013245033112582781
2753,7753,29,29,1,1,0.0013245033112582781
2754,7754,29,29,1,1,0.0013245033112582781
2755,7755,29,29,1,1,0.0013245033112582781
2756,7756,29,29,1,1,0.0013245033112582781
2757,7757,29,29,1,1,0.0013245033112582781
2758,7758,29,19,0,1,0.0
2759,7759,29,26,0,1,0.0
2760,7760,29,29,1,1,0.0013245033112582781
2761,7761,29,16,0,1,0.0
2762,7762,29,26,0,1,0.0
2763,7763,29,29,1,1,0.0013245033112582781
2764,7764,29,29,1,1,0.0013245033112582781
2765,7765,29,27,0,1,0.0
2766,7766,29,29,1,1,0.0013245033112582781
2767,7767,29,29,1,1,0.0013245033112582781
2768,7768,29,16,0,1,0.0
2769,7769,29,20,0,1,0.0
2770,7770,29,29,1,1,0.0013245033112582781
2771,7771,29,26,0,1,0.0
2772,7772,29,24,0,1,0.0
2773,7773,29,29,1,1,0.0013245033112582781
2774,7774,29,25,0,1,0.0
2775,7775,29,29,1,1,0.0013245033112582781
2776,7776,29,29,1,1,0.0013245033112582781
2777,7777,29,29,1,1,0.0013245033112582781
2778,7778,29,28,0,1,0.0
2779,7779,29,22,0,1,0.0
2780,7780,29,19,0,1,0.0
2781,7781,29,29,1,1,0.0013245033112582781
2782,7782,29,25,0,1,0.0
2783,7783,29,29,1,1,0.0013245033112582781
2784,7784,29,29,1,1,0.0013245033112582781
2785,7785,29,16,0,1,0.0
2786,7786,29,23,0,1,0.0
2787,7787,29,21,0,1,0.0
2788,7788,29,24,0,1,0.0
2789,7789,29,29,1,1,0.0013245033112582781
2790,7790,29,22,0,1,0.0
2791,7791,29,19,0,1,0.0
2792,7792,29,29,1,1,0.0013245033112582781
2793,7793,29,12,0,1,0.0
2794,7794,29,25,0,1,0.0
2795,7795,29,24,0,1,0.0
2796,7796,29,29,1,1,0.0013245033112582781
2797,7797,29,29,1,1,0.0013245033112582781
2798,7798,29,12,0,1,0.0
2799,7799,29,10,0,1,0.0
2800,7800,29,12,0,1,0.0
2801,7801,29,29,1,1,0.0013245033112582781
2802,7802,29,27,0,1,0.0
2803,7803,29,24,0,1,0.0
2804,7804,29,28,0,1,0.0
2805,7805,29,22,0,1,0.0
2806,7806,29,29,1,1,0.0013245033112582781
2807,7807,29,24,0,1,0.0
2808,7808,29,29,1,1,0.0013245033112582781
2809,7809,29,24,0,1,0.0
2810,7810,29,29,1,1,0.0013245033112582781
2811,7811,29,18,0,1,0.0
2812,7812,29,12,0,1,0.0
2813,7813,29,24,0,1,0.0
2814,7814,29,29,1,1,0.0013245033112582781
2815,7815,29,18,0,1,0.0
2816,7816,29,20,0,1,0.0
2817,7817,29,24,0,1,0.0
2818,7818,29,29,1,1,0.0013245033112582781
2819,7819,29,28,0,1,0.0
2820,7820,29,28,0,1,0.0
2821,7821,29,29,1,1,0.0013245033112582781
2822,7822,29,27,0,1,0.0
2823,7823,29,15,0,1,0.0
2824,7824,29,19,0,1,0.0
2825,7825,29,26,0,1,0.0
2826,7826,29,25,0,1,0.0
2827,7827,29,14,0,1,0.0
2828,7828,29,23,0,1,0.0
2829,7829,29,23,0,1,0.0
2830,7830,29,27,0,1,0.0
2831,7831,29,16,0,1,0.0
2832,7832,29,25,0,1,0.0
2833,7833,29,23,0,1,0.0
2834,7834,29,29,1,1,0.0013245033112582781
2835,7835,29,29,1,1,0.0013245033112582781
2836,7836,29,27,0,1,0.0
2837,7837,29,29,1,1,0.0013245033112582781
2838,7838,29,29,1,1,0.0013245033112582781
2839,7839,29,25,0,1,0.0
2840,7840,29,25,0,1,0.0
2841,7841,29,22,0,1,0.0
2842,7842,29,20,0,1,0.0
2843,7843,29,29,1,1,0.0013245033112582781
2844,7844,29,22,0,1,0.0
2845,7845,29,23,0,1,0.0
2846,7846,29,12,0,1,0.0
2847,7847,29,26,0,1,0.0
2848,7848,29,13,0,1,0.0
2849,7849,29,29,1,1,0.0013245033112582781
2850,7850,29,25,0,1,0.0
2851,7851,29,25,0,1,0.0
2852,7852,29,29,1,1,0.0013245033112582781
2853,7853,29,16,0,1,0.0
2854,7854,29,29,1,1,0.0013245033112582781
2855,7855,29,23,0,1,0.0
2856,7856,29,29,1,1,0.0013245033112582781
2857,7857,29,26,0,1,0.0
2858,7858,29,23,0,1,0.0
2859,7859,29,23,0,1,0.0
2860,7860,29,23,0,1,0.0
2861,7861,29,21,0,1,0.0
2862,7862,29,21,0,1,0.0
2863,7863,29,24,0,1,0.0
2864,7864,29,16,0,1,0.0
2865,7865,29,23,0,1,0.0
2866,7866,29,16,0,1,0.0
2867,7867,29,29,1,1,0.0013245033112582781
2868,7868,29,22,0,1,0.0
2869,7869,29,29,1,1,0.0013245033112582781
2870,7870,29,29,1,1,0.0013245033112582781
2871,7871,29,23,0,1,0.0
2872,7872,29,26,0,1,0.0
2873,7873,29,12,0,1,0.0
2874,7874,29,29,1,1,0.0013245033112582781
2875,7875,29,13,0,1,0.0
2876,7876,29,21,0,1,0.0
2877,7877,29,29,1,1,0.0013245033112582781
2878,7878,29,17,0,1,0.0
2879,7879,29,29,1,1,0.0013245033112582781
2880,7880,29,29,1,1,0.0013245033112582781
2881,7881,29,27,0,1,0.0
2882,7882,29,29,1,1,0.0013245033112582781
2883,7883,29,29,1,1,0.0013245033112582781
2884,7884,29,19,0,1,0.0
2885,7885,29,29,1,1,0.0013245033112582781
2886,7886,29,29,1,1,0.0013245033112582781
2887,7887,29,25,0,1,0.0
2888,7888,29,29,1,1,0.0013245033112582781
2889,7889,29,29,1,1,0.0013245033112582781
2890,7890,29,29,1,1,0.0013245033112582781
2891,7891,29,25,0,1,0.0
2892,7892,29,26,0,1,0.0
2893,7893,29,29,1,1,0.0013245033112582781
2894,7894,29,12,0,1,0.0
2895,7895,29,26,0,1,0.0
2896,7896,29,29,1,1,0.0013245033112582781
2897,7897,29,14,0,1,0.0
2898,7898,29,21,0,1,0.0
2899,7899,29,22,0,1,0.0
2900,7900,29,26,0,1,0.0
2901,7901,29,15,0,1,0.0
2902,7902,29,22,0,1,0.0
2903,7903,29,28,0,1,0.0
2904,7904,29,22,0,1,0.0
2905,7905,29,21,0,1,0.0
2906,7906,29,20,0,1,0.0
2907,7907,29,22,0,1,0.0
2908,7908,29,26,0,1,0.0
2909,7909,29,25,0,1,0.0
2910,7910,29,29,1,1,0.0013245033112582781
2911,7911,29,28,0,1,0.0
2912,7912,29,15,0,1,0.0
2913,7913,29,29,1,1,0.0013245033112582781
2914,7914,29,26,0,1,0.0
2915,7915,29,25,0,1,0.0
2916,7916,29,28,0,1,0.0
2917,7917,29,20,0,1,0.0
2918,7918,29,12,0,1,0.0
2919,7919,29,21,0,1,0.0
2920,7920,29,29,1,1,0.0013245033112582781
2921,7921,29,12,0,1,0.0
2922,7922,29,29,1,1,0.0013245033112582781
2923,7923,29,29,1,1,0.0013245033112582781
2924,7924,29,24,0,1,0.0
2925,7925,29,15,0,1,0.0
2926,7926,29,25,0,1,0.0
2927,7927,29,29,1,1,0.0013245033112582781
2928,7928,29,29,1,1,0.0013245033112582781
2929,7929,29,22,0,1,0.0
2930,7930,29,28,0,1,0.0
2931,7931,29,21,0,1,0.0
2932,7932,29,25,0,1,0.0
2933,7933,29,15,0,1,0.0
2934,7934,29,29,1,1,0.0013245033112582781
2935,7935,29,29,1,1,0.0013245033112582781
2936,7936,29,24,0,1,0.0
2937,7937,29,24,0,1,0.0
2938,7938,29,18,0,1,0.0
2939,7939,29,29,1,1,0.0013245033112582781
2940,7940,29,26,0,1,0.0
2941,7941,29,12,0,1,0.0
2942,7942,29,29,1,1,0.0013245033112582781
2943,7943,29,28,0,1,0.0
2944,7944,29,29,1,1,0.0013245033112582781
2945,7945,29,29,1,1,0.0013245033112582781
2946,7946,29,28,0,1,0.0
2947,7947,29,29,1,1,0.0013245033112582781
2948,7948,29,26,0,1,0.0
2949,7949,29,29,1,1,0.0013245033112582781
2950,7950,29,12,0,1,0.0
2951,7951,29,29,1,1,0.0013245033112582781
2952,7952,29,18,0,1,0.0
2953,7953,29,27,0,1,0.0
2954,7954,29,11,0,1,0.0
2955,7955,29,21,0,1,0.0
2956,7956,29,29,1,1,0.0013245033112582781
2957,7957,29,26,0,1,0.0
2958,7958,29,15,0,1,0.0
2959,7959,29,18,0,1,0.0
2960,7960,29,21,0,1,0.0
2961,7961,29,20,0,1,0.0
2962,7962,29,29,1,1,0.0013245033112582781
2963,7963,29,29,1,1,0.0013245033112582781
2964,7964,29,24,0,1,0.0
2965,7965,29,29,1,1,0.0013245033112582781
2966,7966,29,19,0,1,0.0
2967,7967,29,29,1,1,0.0013245033112582781
2968,7968,29,19,0,1,0.0
2969,7969,29,22,0,1,0.0
2970,7970,29,26,0,1,0.0
2971,7971,29,20,0,1,0.0
2972,7972,29,29,1,1,0.0013245033112582781
2973,7973,29,29,1,1,0.0013245033112582781
2974,7974,29,24,0,1,0.0
2975,7975,29,24,0,1,0.0
2976,7976,29,20,0,1,0.0
2977,7977,29,12,0,1,0.0
2978,7978,29,29,1,1,0.0013245033112582781
2979,7979,29,29,1,1,0.0013245033112582781
2980,7980,29,28,0,1,0.0
2981,7981,29,29,1,1,0.0013245033112582781
2982,7982,29,17,0,1,0.0
2983,7983,29,25,0,1,0.0
2984,7984,29,29,1,1,0.0013245033112582781
2985,7985,29,22,0,1,0.0
2986,7986,29,29,1,1,0.0013245033112582781
2987,7987,29,13,0,1,0.0
2988,7988,29,29,1,1,0.0013245033112582781
2989,7989,29,29,1,1,0.0013245033112582781
2990,7990,29,27,0,1,0.0
2991,7991,29,20,0,1,0.0
2992,7992,29,23,0,1,0.0
2993,7993,29,20,0,1,0.0
2994,7994,29,23,0,1,0.0
2995,7995,29,28,0,1,0.0
2996,7996,29,29,1,1,0.0013245033112582781
2997,7997,29,21,0,1,0.0
2998,7998,29,29,1,1,0.0013245033112582781
2999,7999,29,29,1,1,0.0013245033112582781
3000,8000,29,29,1,1,0.0013245033112582781
3001,8001,29,29,1,1,0.0013245033112582781
3002,8002,29,20,0,1,0.0
3003,8003,29,22,0,1,0.0
3004,8004,29,29,1,1,0.0013245033112582781
3005,8005,29,27,0,1,0.0
3006,8006,29,29,1,1,0.0013245033112582781
3007,8007,29,29,1,1,0.0013245033112582781
3008,8008,29,29,1,1,0.0013245033112582781
3009,8009,29,23,0,1,0.0
3010,8010,29,29,1,1,0.0013245033112582781
3011,8011,29,20,0,1,0.0
3012,8012,29,15,0,1,0.0
3013,8013,29,27,0,1,0.0
3014,8014,29,17,0,1,0.0
3015,8015,29,29,1,1,0.0013245033112582781
3016,8016,29,24,0,1,0.0
3017,8017,29,18,0,1,0.0
3018,8018,29,22,0,1,0.0
3019,8019,29,28,0,1,0.0
